[0.012s] Invoking command in '/home/mia/data/Project_Backup/cylinder_project/build/orbbec_camera_msgs': CMAKE_PREFIX_PATH=/opt/ros/humble /usr/bin/cmake /home/mia/data/Project_Backup/cylinder_project/src/OrbbecSDK_ROS2-2-main/orbbec_camera_msgs -DCMAKE_INSTALL_PREFIX=/home/mia/data/Project_Backup/cylinder_project/install/orbbec_camera_msgs
[0.065s] -- The C compiler identification is GNU 11.4.0
[0.111s] -- The CXX compiler identification is GNU 11.4.0
[0.119s] -- Detecting C compiler ABI info
[0.171s] -- Detecting C compiler ABI info - done
[0.178s] -- Check for working C compiler: /usr/bin/cc - skipped
[0.178s] -- Detecting C compile features
[0.178s] -- Detecting C compile features - done
[0.181s] -- Detecting CXX compiler ABI info
[0.241s] -- Detecting CXX compiler ABI info - done
[0.247s] -- Check for working CXX compiler: /usr/bin/c++ - skipped
[0.247s] -- Detecting CXX compile features
[0.248s] -- Detecting CXX compile features - done
[0.255s] -- Found ament_cmake: 1.3.12 (/opt/ros/humble/share/ament_cmake/cmake)
[0.377s] -- Found Python3: /usr/bin/python3 (found version "3.10.12") found components: Interpreter 
[0.462s] -- Found rosidl_default_generators: 1.2.0 (/opt/ros/humble/share/rosidl_default_generators/cmake)
[0.465s] -- Using all available rosidl_typesupport_c: rosidl_typesupport_fastrtps_c;rosidl_typesupport_introspection_c
[0.472s] -- Found rosidl_adapter: 3.1.8 (/opt/ros/humble/share/rosidl_adapter/cmake)
[0.520s] -- Using all available rosidl_typesupport_cpp: rosidl_typesupport_fastrtps_cpp;rosidl_typesupport_introspection_cpp
[0.554s] -- Found sensor_msgs: 4.9.1 (/opt/ros/humble/share/sensor_msgs/cmake)
[1.035s] -- Found ament_cmake_ros: 0.10.0 (/opt/ros/humble/share/ament_cmake_ros/cmake)
[1.272s] -- Using all available rosidl_typesupport_c: rosidl_typesupport_fastrtps_c;rosidl_typesupport_introspection_c
[1.583s] -- Using all available rosidl_typesupport_cpp: rosidl_typesupport_fastrtps_cpp;rosidl_typesupport_introspection_cpp
[1.602s] -- Found PythonInterp: /usr/bin/python3 (found suitable version "3.10.12", minimum required is "3.6") 
[1.603s] -- Found python_cmake_module: 0.10.0 (/opt/ros/humble/share/python_cmake_module/cmake)
[1.624s] -- Found PythonLibs: /usr/lib/x86_64-linux-gnu/libpython3.10.so (found suitable version "3.10.12", minimum required is "3.5") 
[1.624s] -- Using PYTHON_EXECUTABLE: /usr/bin/python3
[1.624s] -- Using PYTHON_INCLUDE_DIRS: /usr/include/python3.10
[1.624s] -- Using PYTHON_LIBRARIES: /usr/lib/x86_64-linux-gnu/libpython3.10.so
[1.641s] -- Found PythonExtra: .so  
[1.706s] -- Found ament_lint_auto: 0.12.14 (/opt/ros/humble/share/ament_lint_auto/cmake)
[1.724s] -- Added test 'copyright' to check source files copyright and LICENSE
[1.727s] -- Added test 'lint_cmake' to check CMake code style
[1.728s] -- Added test 'xmllint' to check XML markup files
[1.730s] -- Configuring done
[1.796s] -- Generating done
[1.810s] -- Build files have been written to: /home/mia/data/Project_Backup/cylinder_project/build/orbbec_camera_msgs
[1.818s] Invoked command in '/home/mia/data/Project_Backup/cylinder_project/build/orbbec_camera_msgs' returned '0': CMAKE_PREFIX_PATH=/opt/ros/humble /usr/bin/cmake /home/mia/data/Project_Backup/cylinder_project/src/OrbbecSDK_ROS2-2-main/orbbec_camera_msgs -DCMAKE_INSTALL_PREFIX=/home/mia/data/Project_Backup/cylinder_project/install/orbbec_camera_msgs
[1.818s] Invoking command in '/home/mia/data/Project_Backup/cylinder_project/build/orbbec_camera_msgs': CMAKE_PREFIX_PATH=/opt/ros/humble /usr/bin/cmake --build /home/mia/data/Project_Backup/cylinder_project/build/orbbec_camera_msgs -- -j16 -l16
[1.856s] [  1%] [34m[1mGenerating C code for ROS interfaces[0m
[1.865s] [  1%] [34m[1mGenerating C++ code for ROS interfaces[0m
[1.869s] [  1%] Built target ament_cmake_python_copy_orbbec_camera_msgs
[2.076s] running egg_info
[2.077s] creating orbbec_camera_msgs.egg-info
[2.077s] writing orbbec_camera_msgs.egg-info/PKG-INFO
[2.077s] writing dependency_links to orbbec_camera_msgs.egg-info/dependency_links.txt
[2.077s] writing top-level names to orbbec_camera_msgs.egg-info/top_level.txt
[2.077s] writing manifest file 'orbbec_camera_msgs.egg-info/SOURCES.txt'
[2.079s] reading manifest file 'orbbec_camera_msgs.egg-info/SOURCES.txt'
[2.080s] writing manifest file 'orbbec_camera_msgs.egg-info/SOURCES.txt'
[2.100s] [  1%] Built target ament_cmake_python_build_orbbec_camera_msgs_egg
[3.712s] [  1%] Built target orbbec_camera_msgs__cpp
[3.720s] [  2%] [34m[1mGenerating C++ type support dispatch for ROS interfaces[0m
[3.720s] [  3%] [34m[1mGenerating C++ type support for eProsima Fast-RTPS[0m
[3.720s] [  4%] [34m[1mGenerating C++ introspection for ROS interfaces[0m
[3.730s] [  5%] [32mBuilding C object CMakeFiles/orbbec_camera_msgs__rosidl_generator_c.dir/rosidl_generator_c/orbbec_camera_msgs/msg/detail/depth_filter_param__functions.c.o[0m
[3.730s] [  5%] [32mBuilding C object CMakeFiles/orbbec_camera_msgs__rosidl_generator_c.dir/rosidl_generator_c/orbbec_camera_msgs/msg/detail/device_info__functions.c.o[0m
[3.730s] [  7%] [32mBuilding C object CMakeFiles/orbbec_camera_msgs__rosidl_generator_c.dir/rosidl_generator_c/orbbec_camera_msgs/msg/detail/device_status__functions.c.o[0m
[3.730s] [  7%] [32mBuilding C object CMakeFiles/orbbec_camera_msgs__rosidl_generator_c.dir/rosidl_generator_c/orbbec_camera_msgs/msg/detail/depth_filter_state__functions.c.o[0m
[3.730s] [  7%] [32mBuilding C object CMakeFiles/orbbec_camera_msgs__rosidl_generator_c.dir/rosidl_generator_c/orbbec_camera_msgs/msg/detail/extrinsics__functions.c.o[0m
[3.731s] [  7%] [32mBuilding C object CMakeFiles/orbbec_camera_msgs__rosidl_generator_c.dir/rosidl_generator_c/orbbec_camera_msgs/msg/detail/depth_filters_status__functions.c.o[0m
[3.731s] [  7%] [32mBuilding C object CMakeFiles/orbbec_camera_msgs__rosidl_generator_c.dir/rosidl_generator_c/orbbec_camera_msgs/msg/detail/metadata__functions.c.o[0m
[3.731s] [  7%] [32mBuilding C object CMakeFiles/orbbec_camera_msgs__rosidl_generator_c.dir/rosidl_generator_c/orbbec_camera_msgs/msg/detail/rgbd__functions.c.o[0m
[3.731s] [  8%] [32mBuilding C object CMakeFiles/orbbec_camera_msgs__rosidl_generator_c.dir/rosidl_generator_c/orbbec_camera_msgs/msg/detail/imu_info__functions.c.o[0m
[3.731s] [  9%] [32mBuilding C object CMakeFiles/orbbec_camera_msgs__rosidl_generator_c.dir/rosidl_generator_c/orbbec_camera_msgs/msg/detail/stream_profile__functions.c.o[0m
[3.731s] [  9%] [32mBuilding C object CMakeFiles/orbbec_camera_msgs__rosidl_generator_c.dir/rosidl_generator_c/orbbec_camera_msgs/srv/detail/get_device_config__functions.c.o[0m
[3.735s] [ 10%] [32mBuilding C object CMakeFiles/orbbec_camera_msgs__rosidl_generator_c.dir/rosidl_generator_c/orbbec_camera_msgs/srv/detail/get_device_info__functions.c.o[0m
[3.743s] [ 10%] [32mBuilding C object CMakeFiles/orbbec_camera_msgs__rosidl_generator_c.dir/rosidl_generator_c/orbbec_camera_msgs/srv/detail/get_bool__functions.c.o[0m
[3.796s] [ 11%] [32mBuilding C object CMakeFiles/orbbec_camera_msgs__rosidl_generator_c.dir/rosidl_generator_c/orbbec_camera_msgs/srv/detail/get_camera_info__functions.c.o[0m
[3.800s] [ 11%] [32mBuilding C object CMakeFiles/orbbec_camera_msgs__rosidl_generator_c.dir/rosidl_generator_c/orbbec_camera_msgs/srv/detail/get_int32__functions.c.o[0m
[3.800s] [ 12%] [32mBuilding C object CMakeFiles/orbbec_camera_msgs__rosidl_generator_c.dir/rosidl_generator_c/orbbec_camera_msgs/srv/detail/set_filter__functions.c.o[0m
[3.800s] [ 12%] [32mBuilding C object CMakeFiles/orbbec_camera_msgs__rosidl_generator_c.dir/rosidl_generator_c/orbbec_camera_msgs/srv/detail/set_arrays__functions.c.o[0m
[3.800s] [ 12%] [32mBuilding C object CMakeFiles/orbbec_camera_msgs__rosidl_generator_c.dir/rosidl_generator_c/orbbec_camera_msgs/srv/detail/set_int32__functions.c.o[0m
[3.801s] [ 13%] [32mBuilding C object CMakeFiles/orbbec_camera_msgs__rosidl_generator_c.dir/rosidl_generator_c/orbbec_camera_msgs/srv/detail/set_string__functions.c.o[0m
[3.801s] [ 13%] [32mBuilding C object CMakeFiles/orbbec_camera_msgs__rosidl_generator_c.dir/rosidl_generator_c/orbbec_camera_msgs/srv/detail/get_string__functions.c.o[0m
[3.801s] [ 14%] [32mBuilding C object CMakeFiles/orbbec_camera_msgs__rosidl_generator_c.dir/rosidl_generator_c/orbbec_camera_msgs/srv/detail/get_user_calib_params__functions.c.o[0m
[3.818s] [ 14%] [32mBuilding C object CMakeFiles/orbbec_camera_msgs__rosidl_generator_c.dir/rosidl_generator_c/orbbec_camera_msgs/srv/detail/set_user_calib_params__functions.c.o[0m
[3.822s] [ 15%] [32mBuilding C object CMakeFiles/orbbec_camera_msgs__rosidl_generator_c.dir/rosidl_generator_c/orbbec_camera_msgs/srv/detail/set_stream_profile__functions.c.o[0m
[3.822s] [ 15%] [32mBuilding C object CMakeFiles/orbbec_camera_msgs__rosidl_generator_c.dir/rosidl_generator_c/orbbec_camera_msgs/srv/detail/set_bag_recording__functions.c.o[0m
[3.888s] [ 16%] [32m[1mLinking C shared library liborbbec_camera_msgs__rosidl_generator_c.so[0m
[3.921s] [ 16%] Built target orbbec_camera_msgs__rosidl_generator_c
[3.930s] [ 19%] [34m[1mGenerating C introspection for ROS interfaces[0m
[3.930s] [ 19%] [34m[1mGenerating C type support dispatch for ROS interfaces[0m
[3.930s] [ 19%] [34m[1mGenerating C type support for eProsima Fast-RTPS[0m
[4.796s] [ 21%] [32mBuilding CXX object CMakeFiles/orbbec_camera_msgs__rosidl_typesupport_cpp.dir/rosidl_typesupport_cpp/orbbec_camera_msgs/msg/device_info__type_support.cpp.o[0m
[4.796s] [ 21%] [32mBuilding CXX object CMakeFiles/orbbec_camera_msgs__rosidl_typesupport_cpp.dir/rosidl_typesupport_cpp/orbbec_camera_msgs/msg/depth_filter_param__type_support.cpp.o[0m
[4.796s] [ 21%] [32mBuilding CXX object CMakeFiles/orbbec_camera_msgs__rosidl_typesupport_cpp.dir/rosidl_typesupport_cpp/orbbec_camera_msgs/msg/depth_filter_state__type_support.cpp.o[0m
[4.796s] [ 21%] [32mBuilding CXX object CMakeFiles/orbbec_camera_msgs__rosidl_typesupport_cpp.dir/rosidl_typesupport_cpp/orbbec_camera_msgs/msg/device_status__type_support.cpp.o[0m
[4.797s] [ 21%] [32mBuilding CXX object CMakeFiles/orbbec_camera_msgs__rosidl_typesupport_cpp.dir/rosidl_typesupport_cpp/orbbec_camera_msgs/msg/depth_filters_status__type_support.cpp.o[0m
[4.797s] [ 21%] [32mBuilding CXX object CMakeFiles/orbbec_camera_msgs__rosidl_typesupport_cpp.dir/rosidl_typesupport_cpp/orbbec_camera_msgs/msg/imu_info__type_support.cpp.o[0m
[4.797s] [ 22%] [32mBuilding CXX object CMakeFiles/orbbec_camera_msgs__rosidl_typesupport_cpp.dir/rosidl_typesupport_cpp/orbbec_camera_msgs/msg/metadata__type_support.cpp.o[0m
[4.797s] [ 22%] [32mBuilding CXX object CMakeFiles/orbbec_camera_msgs__rosidl_typesupport_cpp.dir/rosidl_typesupport_cpp/orbbec_camera_msgs/msg/extrinsics__type_support.cpp.o[0m
[4.798s] [ 22%] [32mBuilding CXX object CMakeFiles/orbbec_camera_msgs__rosidl_typesupport_cpp.dir/rosidl_typesupport_cpp/orbbec_camera_msgs/msg/stream_profile__type_support.cpp.o[0m
[4.799s] [ 23%] [32mBuilding CXX object CMakeFiles/orbbec_camera_msgs__rosidl_typesupport_cpp.dir/rosidl_typesupport_cpp/orbbec_camera_msgs/msg/rgbd__type_support.cpp.o[0m
[4.801s] [ 24%] [32mBuilding CXX object CMakeFiles/orbbec_camera_msgs__rosidl_typesupport_cpp.dir/rosidl_typesupport_cpp/orbbec_camera_msgs/srv/get_bool__type_support.cpp.o[0m
[5.170s] [ 24%] [32mBuilding CXX object CMakeFiles/orbbec_camera_msgs__rosidl_typesupport_cpp.dir/rosidl_typesupport_cpp/orbbec_camera_msgs/srv/get_device_config__type_support.cpp.o[0m
[5.182s] [ 24%] [32mBuilding CXX object CMakeFiles/orbbec_camera_msgs__rosidl_typesupport_cpp.dir/rosidl_typesupport_cpp/orbbec_camera_msgs/srv/get_camera_info__type_support.cpp.o[0m
[5.182s] [ 25%] [32mBuilding CXX object CMakeFiles/orbbec_camera_msgs__rosidl_typesupport_cpp.dir/rosidl_typesupport_cpp/orbbec_camera_msgs/srv/get_device_info__type_support.cpp.o[0m
[5.195s] [ 25%] [32mBuilding CXX object CMakeFiles/orbbec_camera_msgs__rosidl_typesupport_cpp.dir/rosidl_typesupport_cpp/orbbec_camera_msgs/srv/get_string__type_support.cpp.o[0m
[5.195s] [ 26%] [32mBuilding CXX object CMakeFiles/orbbec_camera_msgs__rosidl_typesupport_cpp.dir/rosidl_typesupport_cpp/orbbec_camera_msgs/srv/get_int32__type_support.cpp.o[0m
[5.201s] [ 26%] [32mBuilding CXX object CMakeFiles/orbbec_camera_msgs__rosidl_typesupport_cpp.dir/rosidl_typesupport_cpp/orbbec_camera_msgs/srv/set_int32__type_support.cpp.o[0m
[5.201s] [ 27%] [32mBuilding CXX object CMakeFiles/orbbec_camera_msgs__rosidl_typesupport_cpp.dir/rosidl_typesupport_cpp/orbbec_camera_msgs/srv/set_filter__type_support.cpp.o[0m
[5.202s] [ 27%] [32mBuilding CXX object CMakeFiles/orbbec_camera_msgs__rosidl_typesupport_cpp.dir/rosidl_typesupport_cpp/orbbec_camera_msgs/srv/set_string__type_support.cpp.o[0m
[5.225s] [ 28%] [32mBuilding CXX object CMakeFiles/orbbec_camera_msgs__rosidl_typesupport_cpp.dir/rosidl_typesupport_cpp/orbbec_camera_msgs/srv/set_arrays__type_support.cpp.o[0m
[5.227s] [ 28%] [32mBuilding CXX object CMakeFiles/orbbec_camera_msgs__rosidl_typesupport_c.dir/rosidl_typesupport_c/orbbec_camera_msgs/msg/device_info__type_support.cpp.o[0m
[5.283s] [ 28%] [32mBuilding CXX object CMakeFiles/orbbec_camera_msgs__rosidl_typesupport_cpp.dir/rosidl_typesupport_cpp/orbbec_camera_msgs/srv/get_user_calib_params__type_support.cpp.o[0m
[5.291s] [ 28%] [32mBuilding CXX object CMakeFiles/orbbec_camera_msgs__rosidl_typesupport_c.dir/rosidl_typesupport_c/orbbec_camera_msgs/msg/depth_filter_param__type_support.cpp.o[0m
[5.291s] [ 29%] [32mBuilding CXX object CMakeFiles/orbbec_camera_msgs__rosidl_typesupport_c.dir/rosidl_typesupport_c/orbbec_camera_msgs/msg/device_status__type_support.cpp.o[0m
[5.345s] [ 29%] [32mBuilding CXX object CMakeFiles/orbbec_camera_msgs__rosidl_typesupport_c.dir/rosidl_typesupport_c/orbbec_camera_msgs/msg/depth_filter_state__type_support.cpp.o[0m
[5.369s] [ 30%] [32mBuilding CXX object CMakeFiles/orbbec_camera_msgs__rosidl_typesupport_cpp.dir/rosidl_typesupport_cpp/orbbec_camera_msgs/srv/set_user_calib_params__type_support.cpp.o[0m
[5.407s] [ 31%] [32mBuilding CXX object CMakeFiles/orbbec_camera_msgs__rosidl_typesupport_c.dir/rosidl_typesupport_c/orbbec_camera_msgs/msg/depth_filters_status__type_support.cpp.o[0m
[5.472s] [ 31%] [32mBuilding CXX object CMakeFiles/orbbec_camera_msgs__rosidl_typesupport_c.dir/rosidl_typesupport_c/orbbec_camera_msgs/msg/extrinsics__type_support.cpp.o[0m
[5.535s] [ 32%] [32mBuilding CXX object CMakeFiles/orbbec_camera_msgs__rosidl_typesupport_c.dir/rosidl_typesupport_c/orbbec_camera_msgs/msg/metadata__type_support.cpp.o[0m
[5.567s] [ 32%] [32mBuilding CXX object CMakeFiles/orbbec_camera_msgs__rosidl_typesupport_c.dir/rosidl_typesupport_c/orbbec_camera_msgs/msg/imu_info__type_support.cpp.o[0m
[5.582s] [ 32%] [32mBuilding CXX object CMakeFiles/orbbec_camera_msgs__rosidl_typesupport_cpp.dir/rosidl_typesupport_cpp/orbbec_camera_msgs/srv/set_bag_recording__type_support.cpp.o[0m
[5.583s] [ 33%] [32mBuilding CXX object CMakeFiles/orbbec_camera_msgs__rosidl_typesupport_cpp.dir/rosidl_typesupport_cpp/orbbec_camera_msgs/srv/set_stream_profile__type_support.cpp.o[0m
[5.594s] [ 33%] [32mBuilding CXX object CMakeFiles/orbbec_camera_msgs__rosidl_typesupport_c.dir/rosidl_typesupport_c/orbbec_camera_msgs/msg/stream_profile__type_support.cpp.o[0m
[5.599s] [ 34%] [32mBuilding CXX object CMakeFiles/orbbec_camera_msgs__rosidl_typesupport_c.dir/rosidl_typesupport_c/orbbec_camera_msgs/msg/rgbd__type_support.cpp.o[0m
[5.599s] [ 35%] [32mBuilding CXX object CMakeFiles/orbbec_camera_msgs__rosidl_typesupport_c.dir/rosidl_typesupport_c/orbbec_camera_msgs/srv/get_bool__type_support.cpp.o[0m
[5.609s] [ 35%] [32mBuilding CXX object CMakeFiles/orbbec_camera_msgs__rosidl_typesupport_c.dir/rosidl_typesupport_c/orbbec_camera_msgs/srv/get_device_config__type_support.cpp.o[0m
[5.613s] [ 36%] [32mBuilding CXX object CMakeFiles/orbbec_camera_msgs__rosidl_typesupport_c.dir/rosidl_typesupport_c/orbbec_camera_msgs/srv/get_device_info__type_support.cpp.o[0m
[5.615s] [ 36%] [32mBuilding CXX object CMakeFiles/orbbec_camera_msgs__rosidl_typesupport_c.dir/rosidl_typesupport_c/orbbec_camera_msgs/srv/get_camera_info__type_support.cpp.o[0m
[5.638s] [ 37%] [32mBuilding CXX object CMakeFiles/orbbec_camera_msgs__rosidl_typesupport_c.dir/rosidl_typesupport_c/orbbec_camera_msgs/srv/get_int32__type_support.cpp.o[0m
[5.639s] [ 37%] [32mBuilding CXX object CMakeFiles/orbbec_camera_msgs__rosidl_typesupport_c.dir/rosidl_typesupport_c/orbbec_camera_msgs/srv/get_string__type_support.cpp.o[0m
[5.651s] [ 37%] [32mBuilding CXX object CMakeFiles/orbbec_camera_msgs__rosidl_typesupport_c.dir/rosidl_typesupport_c/orbbec_camera_msgs/srv/set_int32__type_support.cpp.o[0m
[5.653s] [ 38%] [32mBuilding CXX object CMakeFiles/orbbec_camera_msgs__rosidl_typesupport_c.dir/rosidl_typesupport_c/orbbec_camera_msgs/srv/set_filter__type_support.cpp.o[0m
[5.667s] [ 39%] [32mBuilding CXX object CMakeFiles/orbbec_camera_msgs__rosidl_typesupport_c.dir/rosidl_typesupport_c/orbbec_camera_msgs/srv/set_string__type_support.cpp.o[0m
[5.667s] [ 39%] [32mBuilding CXX object CMakeFiles/orbbec_camera_msgs__rosidl_typesupport_c.dir/rosidl_typesupport_c/orbbec_camera_msgs/srv/set_arrays__type_support.cpp.o[0m
[5.674s] [ 39%] [32mBuilding CXX object CMakeFiles/orbbec_camera_msgs__rosidl_typesupport_c.dir/rosidl_typesupport_c/orbbec_camera_msgs/srv/get_user_calib_params__type_support.cpp.o[0m
[5.682s] [ 40%] [32mBuilding CXX object CMakeFiles/orbbec_camera_msgs__rosidl_typesupport_c.dir/rosidl_typesupport_c/orbbec_camera_msgs/srv/set_user_calib_params__type_support.cpp.o[0m
[5.692s] [ 40%] [32mBuilding CXX object CMakeFiles/orbbec_camera_msgs__rosidl_typesupport_c.dir/rosidl_typesupport_c/orbbec_camera_msgs/srv/set_bag_recording__type_support.cpp.o[0m
[5.705s] [ 41%] [32mBuilding CXX object CMakeFiles/orbbec_camera_msgs__rosidl_typesupport_c.dir/rosidl_typesupport_c/orbbec_camera_msgs/srv/set_stream_profile__type_support.cpp.o[0m
[5.756s] [ 41%] [32m[1mLinking CXX shared library liborbbec_camera_msgs__rosidl_typesupport_c.so[0m
[5.781s] [ 41%] [32mBuilding CXX object CMakeFiles/orbbec_camera_msgs__rosidl_typesupport_introspection_cpp.dir/rosidl_typesupport_introspection_cpp/orbbec_camera_msgs/msg/detail/device_info__type_support.cpp.o[0m
[5.781s] [ 42%] [32mBuilding CXX object CMakeFiles/orbbec_camera_msgs__rosidl_typesupport_introspection_cpp.dir/rosidl_typesupport_introspection_cpp/orbbec_camera_msgs/msg/detail/device_status__type_support.cpp.o[0m
[5.788s] [ 42%] [32mBuilding CXX object CMakeFiles/orbbec_camera_msgs__rosidl_typesupport_introspection_cpp.dir/rosidl_typesupport_introspection_cpp/orbbec_camera_msgs/msg/detail/depth_filter_param__type_support.cpp.o[0m
[5.796s] [ 43%] [32mBuilding CXX object CMakeFiles/orbbec_camera_msgs__rosidl_typesupport_introspection_cpp.dir/rosidl_typesupport_introspection_cpp/orbbec_camera_msgs/msg/detail/depth_filter_state__type_support.cpp.o[0m
[5.796s] [ 43%] [32mBuilding CXX object CMakeFiles/orbbec_camera_msgs__rosidl_typesupport_introspection_cpp.dir/rosidl_typesupport_introspection_cpp/orbbec_camera_msgs/msg/detail/depth_filters_status__type_support.cpp.o[0m
[5.799s] [ 44%] [32mBuilding CXX object CMakeFiles/orbbec_camera_msgs__rosidl_typesupport_introspection_cpp.dir/rosidl_typesupport_introspection_cpp/orbbec_camera_msgs/msg/detail/extrinsics__type_support.cpp.o[0m
[5.818s] [ 44%] [32mBuilding CXX object CMakeFiles/orbbec_camera_msgs__rosidl_typesupport_introspection_cpp.dir/rosidl_typesupport_introspection_cpp/orbbec_camera_msgs/msg/detail/metadata__type_support.cpp.o[0m
[5.826s] [ 44%] Built target orbbec_camera_msgs__rosidl_typesupport_c
[5.828s] [ 44%] [32mBuilding C object CMakeFiles/orbbec_camera_msgs__rosidl_typesupport_introspection_c.dir/rosidl_typesupport_introspection_c/orbbec_camera_msgs/msg/detail/device_info__type_support.c.o[0m
[5.830s] [ 45%] [32mBuilding CXX object CMakeFiles/orbbec_camera_msgs__rosidl_typesupport_introspection_cpp.dir/rosidl_typesupport_introspection_cpp/orbbec_camera_msgs/msg/detail/imu_info__type_support.cpp.o[0m
[5.832s] [ 45%] [32mBuilding CXX object CMakeFiles/orbbec_camera_msgs__rosidl_typesupport_introspection_cpp.dir/rosidl_typesupport_introspection_cpp/orbbec_camera_msgs/msg/detail/rgbd__type_support.cpp.o[0m
[5.840s] [ 46%] [32mBuilding CXX object CMakeFiles/orbbec_camera_msgs__rosidl_typesupport_introspection_cpp.dir/rosidl_typesupport_introspection_cpp/orbbec_camera_msgs/msg/detail/stream_profile__type_support.cpp.o[0m
[5.857s] [ 46%] [32mBuilding CXX object CMakeFiles/orbbec_camera_msgs__rosidl_typesupport_introspection_cpp.dir/rosidl_typesupport_introspection_cpp/orbbec_camera_msgs/srv/detail/get_bool__type_support.cpp.o[0m
[5.899s] [ 47%] [32mBuilding C object CMakeFiles/orbbec_camera_msgs__rosidl_typesupport_introspection_c.dir/rosidl_typesupport_introspection_c/orbbec_camera_msgs/msg/detail/device_status__type_support.c.o[0m
[5.957s] [ 47%] [32mBuilding C object CMakeFiles/orbbec_camera_msgs__rosidl_typesupport_introspection_c.dir/rosidl_typesupport_introspection_c/orbbec_camera_msgs/msg/detail/depth_filter_param__type_support.c.o[0m
[5.992s] [ 47%] [32m[1mLinking CXX shared library liborbbec_camera_msgs__rosidl_typesupport_cpp.so[0m
[6.006s] [ 48%] [32mBuilding C object CMakeFiles/orbbec_camera_msgs__rosidl_typesupport_introspection_c.dir/rosidl_typesupport_introspection_c/orbbec_camera_msgs/msg/detail/depth_filter_state__type_support.c.o[0m
[6.027s] [ 48%] [32mBuilding CXX object CMakeFiles/orbbec_camera_msgs__rosidl_typesupport_introspection_cpp.dir/rosidl_typesupport_introspection_cpp/orbbec_camera_msgs/srv/detail/get_device_config__type_support.cpp.o[0m
[6.070s] [ 48%] [32mBuilding C object CMakeFiles/orbbec_camera_msgs__rosidl_typesupport_introspection_c.dir/rosidl_typesupport_introspection_c/orbbec_camera_msgs/msg/detail/depth_filters_status__type_support.c.o[0m
[6.088s] [ 48%] Built target orbbec_camera_msgs__rosidl_typesupport_cpp
[6.128s] [ 49%] [32mBuilding CXX object CMakeFiles/orbbec_camera_msgs__rosidl_typesupport_introspection_cpp.dir/rosidl_typesupport_introspection_cpp/orbbec_camera_msgs/srv/detail/get_device_info__type_support.cpp.o[0m
[6.135s] [ 50%] [32mBuilding C object CMakeFiles/orbbec_camera_msgs__rosidl_typesupport_introspection_c.dir/rosidl_typesupport_introspection_c/orbbec_camera_msgs/msg/detail/extrinsics__type_support.c.o[0m
[6.207s] [ 50%] [32mBuilding C object CMakeFiles/orbbec_camera_msgs__rosidl_typesupport_introspection_c.dir/rosidl_typesupport_introspection_c/orbbec_camera_msgs/msg/detail/metadata__type_support.c.o[0m
[6.256s] [ 51%] [32mBuilding C object CMakeFiles/orbbec_camera_msgs__rosidl_typesupport_introspection_c.dir/rosidl_typesupport_introspection_c/orbbec_camera_msgs/msg/detail/imu_info__type_support.c.o[0m
[6.327s] [ 51%] [32mBuilding C object CMakeFiles/orbbec_camera_msgs__rosidl_typesupport_introspection_c.dir/rosidl_typesupport_introspection_c/orbbec_camera_msgs/msg/detail/rgbd__type_support.c.o[0m
[6.383s] [ 51%] [32mBuilding CXX object CMakeFiles/orbbec_camera_msgs__rosidl_typesupport_fastrtps_cpp.dir/rosidl_typesupport_fastrtps_cpp/orbbec_camera_msgs/msg/detail/dds_fastrtps/device_info__type_support.cpp.o[0m
[6.390s] [ 52%] [32mBuilding C object CMakeFiles/orbbec_camera_msgs__rosidl_typesupport_introspection_c.dir/rosidl_typesupport_introspection_c/orbbec_camera_msgs/msg/detail/stream_profile__type_support.c.o[0m
[6.390s] [ 52%] [32mBuilding CXX object CMakeFiles/orbbec_camera_msgs__rosidl_typesupport_introspection_cpp.dir/rosidl_typesupport_introspection_cpp/orbbec_camera_msgs/srv/detail/get_camera_info__type_support.cpp.o[0m
[6.397s] [ 52%] [32mBuilding C object CMakeFiles/orbbec_camera_msgs__rosidl_typesupport_introspection_c.dir/rosidl_typesupport_introspection_c/orbbec_camera_msgs/srv/detail/get_bool__type_support.c.o[0m
[6.406s] [ 52%] [32mBuilding C object CMakeFiles/orbbec_camera_msgs__rosidl_typesupport_introspection_c.dir/rosidl_typesupport_introspection_c/orbbec_camera_msgs/srv/detail/get_device_config__type_support.c.o[0m
[6.417s] [ 53%] [32mBuilding CXX object CMakeFiles/orbbec_camera_msgs__rosidl_typesupport_introspection_cpp.dir/rosidl_typesupport_introspection_cpp/orbbec_camera_msgs/srv/detail/get_int32__type_support.cpp.o[0m
[6.447s] [ 53%] [32mBuilding CXX object CMakeFiles/orbbec_camera_msgs__rosidl_typesupport_fastrtps_cpp.dir/rosidl_typesupport_fastrtps_cpp/orbbec_camera_msgs/msg/detail/dds_fastrtps/depth_filter_param__type_support.cpp.o[0m
[6.451s] [ 54%] [32mBuilding CXX object CMakeFiles/orbbec_camera_msgs__rosidl_typesupport_fastrtps_cpp.dir/rosidl_typesupport_fastrtps_cpp/orbbec_camera_msgs/msg/detail/dds_fastrtps/depth_filter_state__type_support.cpp.o[0m
[6.453s] [ 55%] [32mBuilding CXX object CMakeFiles/orbbec_camera_msgs__rosidl_typesupport_fastrtps_cpp.dir/rosidl_typesupport_fastrtps_cpp/orbbec_camera_msgs/msg/detail/dds_fastrtps/device_status__type_support.cpp.o[0m
[6.460s] [ 56%] [32mBuilding C object CMakeFiles/orbbec_camera_msgs__rosidl_typesupport_introspection_c.dir/rosidl_typesupport_introspection_c/orbbec_camera_msgs/srv/detail/get_device_info__type_support.c.o[0m
[6.462s] [ 56%] [32mBuilding CXX object CMakeFiles/orbbec_camera_msgs__rosidl_typesupport_introspection_cpp.dir/rosidl_typesupport_introspection_cpp/orbbec_camera_msgs/srv/detail/get_string__type_support.cpp.o[0m
[6.477s] [ 56%] [32mBuilding CXX object CMakeFiles/orbbec_camera_msgs__rosidl_typesupport_fastrtps_cpp.dir/rosidl_typesupport_fastrtps_cpp/orbbec_camera_msgs/msg/detail/dds_fastrtps/depth_filters_status__type_support.cpp.o[0m
[6.482s] [ 57%] [32mBuilding C object CMakeFiles/orbbec_camera_msgs__rosidl_typesupport_introspection_c.dir/rosidl_typesupport_introspection_c/orbbec_camera_msgs/srv/detail/get_camera_info__type_support.c.o[0m
[6.482s] [ 57%] [32mBuilding CXX object CMakeFiles/orbbec_camera_msgs__rosidl_typesupport_fastrtps_cpp.dir/rosidl_typesupport_fastrtps_cpp/orbbec_camera_msgs/msg/detail/dds_fastrtps/extrinsics__type_support.cpp.o[0m
[6.485s] [ 57%] [32mBuilding CXX object CMakeFiles/orbbec_camera_msgs__rosidl_typesupport_fastrtps_cpp.dir/rosidl_typesupport_fastrtps_cpp/orbbec_camera_msgs/msg/detail/dds_fastrtps/metadata__type_support.cpp.o[0m
[6.515s] [ 57%] [32mBuilding CXX object CMakeFiles/orbbec_camera_msgs__rosidl_typesupport_fastrtps_cpp.dir/rosidl_typesupport_fastrtps_cpp/orbbec_camera_msgs/msg/detail/dds_fastrtps/imu_info__type_support.cpp.o[0m
[6.538s] [ 57%] [32mBuilding C object CMakeFiles/orbbec_camera_msgs__rosidl_typesupport_introspection_c.dir/rosidl_typesupport_introspection_c/orbbec_camera_msgs/srv/detail/get_string__type_support.c.o[0m
[6.545s] [ 58%] [32mBuilding C object CMakeFiles/orbbec_camera_msgs__rosidl_typesupport_introspection_c.dir/rosidl_typesupport_introspection_c/orbbec_camera_msgs/srv/detail/get_int32__type_support.c.o[0m
[6.593s] [ 58%] [32mBuilding CXX object CMakeFiles/orbbec_camera_msgs__rosidl_typesupport_fastrtps_c.dir/rosidl_typesupport_fastrtps_c/orbbec_camera_msgs/msg/detail/device_info__type_support_c.cpp.o[0m
[6.601s] [ 59%] [32mBuilding C object CMakeFiles/orbbec_camera_msgs__rosidl_typesupport_introspection_c.dir/rosidl_typesupport_introspection_c/orbbec_camera_msgs/srv/detail/set_filter__type_support.c.o[0m
[6.625s] [ 60%] [32mBuilding CXX object CMakeFiles/orbbec_camera_msgs__rosidl_typesupport_fastrtps_cpp.dir/rosidl_typesupport_fastrtps_cpp/orbbec_camera_msgs/msg/detail/dds_fastrtps/rgbd__type_support.cpp.o[0m
[6.636s] [ 61%] [32mBuilding CXX object CMakeFiles/orbbec_camera_msgs__rosidl_typesupport_introspection_cpp.dir/rosidl_typesupport_introspection_cpp/orbbec_camera_msgs/srv/detail/set_filter__type_support.cpp.o[0m
[6.664s] [ 61%] [32mBuilding C object CMakeFiles/orbbec_camera_msgs__rosidl_typesupport_introspection_c.dir/rosidl_typesupport_introspection_c/orbbec_camera_msgs/srv/detail/set_int32__type_support.c.o[0m
[6.717s] [ 62%] [32mBuilding C object CMakeFiles/orbbec_camera_msgs__rosidl_typesupport_introspection_c.dir/rosidl_typesupport_introspection_c/orbbec_camera_msgs/srv/detail/set_string__type_support.c.o[0m
[6.735s] [ 62%] [32mBuilding C object CMakeFiles/orbbec_camera_msgs__rosidl_typesupport_introspection_c.dir/rosidl_typesupport_introspection_c/orbbec_camera_msgs/srv/detail/set_arrays__type_support.c.o[0m
[6.802s] [ 62%] [32mBuilding CXX object CMakeFiles/orbbec_camera_msgs__rosidl_typesupport_fastrtps_cpp.dir/rosidl_typesupport_fastrtps_cpp/orbbec_camera_msgs/msg/detail/dds_fastrtps/stream_profile__type_support.cpp.o[0m
[6.815s] [ 63%] [32mBuilding C object CMakeFiles/orbbec_camera_msgs__rosidl_typesupport_introspection_c.dir/rosidl_typesupport_introspection_c/orbbec_camera_msgs/srv/detail/get_user_calib_params__type_support.c.o[0m
[6.944s] [ 63%] [32mBuilding C object CMakeFiles/orbbec_camera_msgs__rosidl_typesupport_introspection_c.dir/rosidl_typesupport_introspection_c/orbbec_camera_msgs/srv/detail/set_user_calib_params__type_support.c.o[0m
[6.981s] [ 64%] [32mBuilding CXX object CMakeFiles/orbbec_camera_msgs__rosidl_typesupport_fastrtps_cpp.dir/rosidl_typesupport_fastrtps_cpp/orbbec_camera_msgs/srv/detail/dds_fastrtps/get_bool__type_support.cpp.o[0m
[7.034s] [ 65%] [32mBuilding CXX object CMakeFiles/orbbec_camera_msgs__rosidl_typesupport_fastrtps_c.dir/rosidl_typesupport_fastrtps_c/orbbec_camera_msgs/msg/detail/device_status__type_support_c.cpp.o[0m
[7.063s] [ 65%] [32mBuilding C object CMakeFiles/orbbec_camera_msgs__rosidl_typesupport_introspection_c.dir/rosidl_typesupport_introspection_c/orbbec_camera_msgs/srv/detail/set_stream_profile__type_support.c.o[0m
[7.064s] [ 66%] [32mBuilding C object CMakeFiles/orbbec_camera_msgs__rosidl_typesupport_introspection_c.dir/rosidl_typesupport_introspection_c/orbbec_camera_msgs/srv/detail/set_bag_recording__type_support.c.o[0m
[7.075s] [ 67%] [32mBuilding CXX object CMakeFiles/orbbec_camera_msgs__rosidl_typesupport_fastrtps_c.dir/rosidl_typesupport_fastrtps_c/orbbec_camera_msgs/msg/detail/depth_filter_param__type_support_c.cpp.o[0m
[7.075s] [ 67%] [32mBuilding CXX object CMakeFiles/orbbec_camera_msgs__rosidl_typesupport_fastrtps_cpp.dir/rosidl_typesupport_fastrtps_cpp/orbbec_camera_msgs/srv/detail/dds_fastrtps/get_device_info__type_support.cpp.o[0m
[7.076s] [ 67%] [32mBuilding CXX object CMakeFiles/orbbec_camera_msgs__rosidl_typesupport_fastrtps_cpp.dir/rosidl_typesupport_fastrtps_cpp/orbbec_camera_msgs/srv/detail/dds_fastrtps/get_device_config__type_support.cpp.o[0m
[7.078s] [ 68%] [32mBuilding CXX object CMakeFiles/orbbec_camera_msgs__rosidl_typesupport_fastrtps_c.dir/rosidl_typesupport_fastrtps_c/orbbec_camera_msgs/msg/detail/depth_filter_state__type_support_c.cpp.o[0m
[7.125s] [ 68%] [32mBuilding CXX object CMakeFiles/orbbec_camera_msgs__rosidl_typesupport_fastrtps_cpp.dir/rosidl_typesupport_fastrtps_cpp/orbbec_camera_msgs/srv/detail/dds_fastrtps/get_camera_info__type_support.cpp.o[0m
[7.156s] [ 68%] [32mBuilding CXX object CMakeFiles/orbbec_camera_msgs__rosidl_typesupport_introspection_cpp.dir/rosidl_typesupport_introspection_cpp/orbbec_camera_msgs/srv/detail/set_int32__type_support.cpp.o[0m
[7.156s] [ 68%] [32m[1mLinking C shared library liborbbec_camera_msgs__rosidl_typesupport_introspection_c.so[0m
[7.164s] [ 69%] [32mBuilding CXX object CMakeFiles/orbbec_camera_msgs__rosidl_typesupport_fastrtps_cpp.dir/rosidl_typesupport_fastrtps_cpp/orbbec_camera_msgs/srv/detail/dds_fastrtps/get_int32__type_support.cpp.o[0m
[7.167s] [ 69%] [32mBuilding CXX object CMakeFiles/orbbec_camera_msgs__rosidl_typesupport_fastrtps_c.dir/rosidl_typesupport_fastrtps_c/orbbec_camera_msgs/msg/detail/depth_filters_status__type_support_c.cpp.o[0m
[7.230s] [ 69%] [32mBuilding CXX object CMakeFiles/orbbec_camera_msgs__rosidl_typesupport_fastrtps_cpp.dir/rosidl_typesupport_fastrtps_cpp/orbbec_camera_msgs/srv/detail/dds_fastrtps/get_string__type_support.cpp.o[0m
[7.248s] [ 70%] [32mBuilding CXX object CMakeFiles/orbbec_camera_msgs__rosidl_typesupport_fastrtps_cpp.dir/rosidl_typesupport_fastrtps_cpp/orbbec_camera_msgs/srv/detail/dds_fastrtps/set_filter__type_support.cpp.o[0m
[7.258s] [ 70%] Built target orbbec_camera_msgs__rosidl_typesupport_introspection_c
[7.262s] [ 71%] [32mBuilding CXX object CMakeFiles/orbbec_camera_msgs__rosidl_typesupport_introspection_cpp.dir/rosidl_typesupport_introspection_cpp/orbbec_camera_msgs/srv/detail/set_string__type_support.cpp.o[0m
[7.270s] [ 72%] [32mBuilding CXX object CMakeFiles/orbbec_camera_msgs__rosidl_typesupport_fastrtps_c.dir/rosidl_typesupport_fastrtps_c/orbbec_camera_msgs/msg/detail/extrinsics__type_support_c.cpp.o[0m
[7.405s] [ 72%] [32mBuilding CXX object CMakeFiles/orbbec_camera_msgs__rosidl_typesupport_fastrtps_cpp.dir/rosidl_typesupport_fastrtps_cpp/orbbec_camera_msgs/srv/detail/dds_fastrtps/set_int32__type_support.cpp.o[0m
[7.430s] [ 72%] [32mBuilding CXX object CMakeFiles/orbbec_camera_msgs__rosidl_typesupport_introspection_cpp.dir/rosidl_typesupport_introspection_cpp/orbbec_camera_msgs/srv/detail/set_arrays__type_support.cpp.o[0m
[7.567s] [ 73%] [32mBuilding CXX object CMakeFiles/orbbec_camera_msgs__rosidl_typesupport_fastrtps_cpp.dir/rosidl_typesupport_fastrtps_cpp/orbbec_camera_msgs/srv/detail/dds_fastrtps/set_string__type_support.cpp.o[0m
[7.587s] [ 74%] [32mBuilding CXX object CMakeFiles/orbbec_camera_msgs__rosidl_typesupport_introspection_cpp.dir/rosidl_typesupport_introspection_cpp/orbbec_camera_msgs/srv/detail/get_user_calib_params__type_support.cpp.o[0m
[7.600s] [ 74%] [32mBuilding CXX object CMakeFiles/orbbec_camera_msgs__rosidl_typesupport_fastrtps_cpp.dir/rosidl_typesupport_fastrtps_cpp/orbbec_camera_msgs/srv/detail/dds_fastrtps/set_arrays__type_support.cpp.o[0m
[7.632s] [ 74%] [32mBuilding CXX object CMakeFiles/orbbec_camera_msgs__rosidl_typesupport_introspection_cpp.dir/rosidl_typesupport_introspection_cpp/orbbec_camera_msgs/srv/detail/set_user_calib_params__type_support.cpp.o[0m
[7.666s] [ 75%] [32mBuilding CXX object CMakeFiles/orbbec_camera_msgs__rosidl_typesupport_fastrtps_cpp.dir/rosidl_typesupport_fastrtps_cpp/orbbec_camera_msgs/srv/detail/dds_fastrtps/get_user_calib_params__type_support.cpp.o[0m
[7.711s] [ 75%] [32mBuilding CXX object CMakeFiles/orbbec_camera_msgs__rosidl_typesupport_fastrtps_cpp.dir/rosidl_typesupport_fastrtps_cpp/orbbec_camera_msgs/srv/detail/dds_fastrtps/set_user_calib_params__type_support.cpp.o[0m
[7.763s] [ 76%] [32mBuilding CXX object CMakeFiles/orbbec_camera_msgs__rosidl_typesupport_introspection_cpp.dir/rosidl_typesupport_introspection_cpp/orbbec_camera_msgs/srv/detail/set_bag_recording__type_support.cpp.o[0m
[7.773s] [ 76%] [32mBuilding CXX object CMakeFiles/orbbec_camera_msgs__rosidl_typesupport_fastrtps_c.dir/rosidl_typesupport_fastrtps_c/orbbec_camera_msgs/msg/detail/metadata__type_support_c.cpp.o[0m
[7.789s] [ 76%] [32mBuilding CXX object CMakeFiles/orbbec_camera_msgs__rosidl_typesupport_fastrtps_c.dir/rosidl_typesupport_fastrtps_c/orbbec_camera_msgs/msg/detail/imu_info__type_support_c.cpp.o[0m
[7.806s] [ 77%] [32mBuilding CXX object CMakeFiles/orbbec_camera_msgs__rosidl_typesupport_fastrtps_c.dir/rosidl_typesupport_fastrtps_c/orbbec_camera_msgs/msg/detail/rgbd__type_support_c.cpp.o[0m
[7.811s] [ 77%] [32mBuilding CXX object CMakeFiles/orbbec_camera_msgs__rosidl_typesupport_introspection_cpp.dir/rosidl_typesupport_introspection_cpp/orbbec_camera_msgs/srv/detail/set_stream_profile__type_support.cpp.o[0m
[7.837s] [ 77%] [32mBuilding CXX object CMakeFiles/orbbec_camera_msgs__rosidl_typesupport_fastrtps_c.dir/rosidl_typesupport_fastrtps_c/orbbec_camera_msgs/msg/detail/stream_profile__type_support_c.cpp.o[0m
[7.855s] [ 78%] [32mBuilding CXX object CMakeFiles/orbbec_camera_msgs__rosidl_typesupport_fastrtps_c.dir/rosidl_typesupport_fastrtps_c/orbbec_camera_msgs/srv/detail/get_bool__type_support_c.cpp.o[0m
[8.083s] [ 78%] [32mBuilding CXX object CMakeFiles/orbbec_camera_msgs__rosidl_typesupport_fastrtps_c.dir/rosidl_typesupport_fastrtps_c/orbbec_camera_msgs/srv/detail/get_device_config__type_support_c.cpp.o[0m
[8.157s] [ 79%] [32mBuilding CXX object CMakeFiles/orbbec_camera_msgs__rosidl_typesupport_fastrtps_c.dir/rosidl_typesupport_fastrtps_c/orbbec_camera_msgs/srv/detail/get_device_info__type_support_c.cpp.o[0m
[8.162s] [ 79%] [32mBuilding CXX object CMakeFiles/orbbec_camera_msgs__rosidl_typesupport_fastrtps_cpp.dir/rosidl_typesupport_fastrtps_cpp/orbbec_camera_msgs/srv/detail/dds_fastrtps/set_bag_recording__type_support.cpp.o[0m
[8.169s] [ 79%] [32mBuilding CXX object CMakeFiles/orbbec_camera_msgs__rosidl_typesupport_fastrtps_c.dir/rosidl_typesupport_fastrtps_c/orbbec_camera_msgs/srv/detail/get_camera_info__type_support_c.cpp.o[0m
[8.268s] [ 80%] [32mBuilding CXX object CMakeFiles/orbbec_camera_msgs__rosidl_typesupport_fastrtps_c.dir/rosidl_typesupport_fastrtps_c/orbbec_camera_msgs/srv/detail/get_int32__type_support_c.cpp.o[0m
[8.298s] [ 80%] [32mBuilding CXX object CMakeFiles/orbbec_camera_msgs__rosidl_typesupport_fastrtps_c.dir/rosidl_typesupport_fastrtps_c/orbbec_camera_msgs/srv/detail/get_string__type_support_c.cpp.o[0m
[8.303s] [ 82%] [32mBuilding CXX object CMakeFiles/orbbec_camera_msgs__rosidl_typesupport_fastrtps_c.dir/rosidl_typesupport_fastrtps_c/orbbec_camera_msgs/srv/detail/set_filter__type_support_c.cpp.o[0m
[8.303s] [ 82%] [32mBuilding CXX object CMakeFiles/orbbec_camera_msgs__rosidl_typesupport_fastrtps_cpp.dir/rosidl_typesupport_fastrtps_cpp/orbbec_camera_msgs/srv/detail/dds_fastrtps/set_stream_profile__type_support.cpp.o[0m
[8.325s] [ 82%] [32mBuilding CXX object CMakeFiles/orbbec_camera_msgs__rosidl_typesupport_fastrtps_c.dir/rosidl_typesupport_fastrtps_c/orbbec_camera_msgs/srv/detail/set_int32__type_support_c.cpp.o[0m
[8.350s] [ 83%] [32mBuilding CXX object CMakeFiles/orbbec_camera_msgs__rosidl_typesupport_fastrtps_c.dir/rosidl_typesupport_fastrtps_c/orbbec_camera_msgs/srv/detail/set_string__type_support_c.cpp.o[0m
[8.376s] [ 83%] [32mBuilding CXX object CMakeFiles/orbbec_camera_msgs__rosidl_typesupport_fastrtps_c.dir/rosidl_typesupport_fastrtps_c/orbbec_camera_msgs/srv/detail/set_arrays__type_support_c.cpp.o[0m
[8.385s] [ 84%] [32mBuilding CXX object CMakeFiles/orbbec_camera_msgs__rosidl_typesupport_fastrtps_c.dir/rosidl_typesupport_fastrtps_c/orbbec_camera_msgs/srv/detail/get_user_calib_params__type_support_c.cpp.o[0m
[8.397s] [ 84%] [32mBuilding CXX object CMakeFiles/orbbec_camera_msgs__rosidl_typesupport_fastrtps_c.dir/rosidl_typesupport_fastrtps_c/orbbec_camera_msgs/srv/detail/set_user_calib_params__type_support_c.cpp.o[0m
[8.425s] [ 84%] [32mBuilding CXX object CMakeFiles/orbbec_camera_msgs__rosidl_typesupport_fastrtps_c.dir/rosidl_typesupport_fastrtps_c/orbbec_camera_msgs/srv/detail/set_bag_recording__type_support_c.cpp.o[0m
[8.500s] [ 85%] [32m[1mLinking CXX shared library liborbbec_camera_msgs__rosidl_typesupport_introspection_cpp.so[0m
[8.525s] [ 86%] [32mBuilding CXX object CMakeFiles/orbbec_camera_msgs__rosidl_typesupport_fastrtps_c.dir/rosidl_typesupport_fastrtps_c/orbbec_camera_msgs/srv/detail/set_stream_profile__type_support_c.cpp.o[0m
[8.747s] [ 86%] Built target orbbec_camera_msgs__rosidl_typesupport_introspection_cpp
[8.948s] [ 86%] [32m[1mLinking CXX shared library liborbbec_camera_msgs__rosidl_typesupport_fastrtps_cpp.so[0m
[8.948s] [ 86%] [32m[1mLinking CXX shared library liborbbec_camera_msgs__rosidl_typesupport_fastrtps_c.so[0m
[9.023s] [ 86%] Built target orbbec_camera_msgs__rosidl_typesupport_fastrtps_c
[9.030s] [ 86%] Built target orbbec_camera_msgs__rosidl_typesupport_fastrtps_cpp
[9.044s] [ 86%] Built target orbbec_camera_msgs
[9.060s] [ 86%] [34m[1mGenerating Python code for ROS interfaces[0m
[12.344s] [ 86%] Built target orbbec_camera_msgs__py
[12.364s] [ 87%] [32mBuilding C object CMakeFiles/orbbec_camera_msgs__rosidl_generator_py.dir/rosidl_generator_py/orbbec_camera_msgs/msg/_device_status_s.c.o[0m
[12.364s] [ 87%] [32mBuilding C object CMakeFiles/orbbec_camera_msgs__rosidl_generator_py.dir/rosidl_generator_py/orbbec_camera_msgs/msg/_device_info_s.c.o[0m
[12.364s] [ 87%] [32mBuilding C object CMakeFiles/orbbec_camera_msgs__rosidl_generator_py.dir/rosidl_generator_py/orbbec_camera_msgs/msg/_depth_filters_status_s.c.o[0m
[12.365s] [ 87%] [32mBuilding C object CMakeFiles/orbbec_camera_msgs__rosidl_generator_py.dir/rosidl_generator_py/orbbec_camera_msgs/msg/_extrinsics_s.c.o[0m
[12.365s] [ 88%] [32mBuilding C object CMakeFiles/orbbec_camera_msgs__rosidl_generator_py.dir/rosidl_generator_py/orbbec_camera_msgs/msg/_depth_filter_param_s.c.o[0m
[12.365s] [ 88%] [32mBuilding C object CMakeFiles/orbbec_camera_msgs__rosidl_generator_py.dir/rosidl_generator_py/orbbec_camera_msgs/msg/_imu_info_s.c.o[0m
[12.365s] [ 88%] [32mBuilding C object CMakeFiles/orbbec_camera_msgs__rosidl_generator_py.dir/rosidl_generator_py/orbbec_camera_msgs/srv/_get_device_config_s.c.o[0m
[12.365s] [ 88%] [32mBuilding C object CMakeFiles/orbbec_camera_msgs__rosidl_generator_py.dir/rosidl_generator_py/orbbec_camera_msgs/msg/_stream_profile_s.c.o[0m
[12.365s] [ 88%] [32mBuilding C object CMakeFiles/orbbec_camera_msgs__rosidl_generator_py.dir/rosidl_generator_py/orbbec_camera_msgs/srv/_get_camera_info_s.c.o[0m
[12.365s] [ 90%] [32mBuilding C object CMakeFiles/orbbec_camera_msgs__rosidl_generator_py.dir/rosidl_generator_py/orbbec_camera_msgs/msg/_metadata_s.c.o[0m
[12.366s] [ 90%] [32mBuilding C object CMakeFiles/orbbec_camera_msgs__rosidl_generator_py.dir/rosidl_generator_py/orbbec_camera_msgs/msg/_rgbd_s.c.o[0m
[12.366s] [ 91%] [32mBuilding C object CMakeFiles/orbbec_camera_msgs__rosidl_generator_py.dir/rosidl_generator_py/orbbec_camera_msgs/srv/_get_bool_s.c.o[0m
[12.366s] [ 91%] [32mBuilding C object CMakeFiles/orbbec_camera_msgs__rosidl_generator_py.dir/rosidl_generator_py/orbbec_camera_msgs/msg/_depth_filter_state_s.c.o[0m
[12.371s] [ 93%] [32mBuilding C object CMakeFiles/orbbec_camera_msgs__rosidl_generator_py.dir/rosidl_generator_py/orbbec_camera_msgs/srv/_get_int32_s.c.o[0m
[12.372s] [ 93%] [32mBuilding C object CMakeFiles/orbbec_camera_msgs__rosidl_generator_py.dir/rosidl_generator_py/orbbec_camera_msgs/srv/_get_device_info_s.c.o[0m
[12.375s] [ 93%] [32mBuilding C object CMakeFiles/orbbec_camera_msgs__rosidl_generator_py.dir/rosidl_generator_py/orbbec_camera_msgs/srv/_get_string_s.c.o[0m
[12.537s] [ 94%] [32mBuilding C object CMakeFiles/orbbec_camera_msgs__rosidl_generator_py.dir/rosidl_generator_py/orbbec_camera_msgs/srv/_set_string_s.c.o[0m
[12.538s] [ 94%] [32mBuilding C object CMakeFiles/orbbec_camera_msgs__rosidl_generator_py.dir/rosidl_generator_py/orbbec_camera_msgs/srv/_set_arrays_s.c.o[0m
[12.538s] [ 94%] [32mBuilding C object CMakeFiles/orbbec_camera_msgs__rosidl_generator_py.dir/rosidl_generator_py/orbbec_camera_msgs/srv/_set_filter_s.c.o[0m
[12.538s] [ 95%] [32mBuilding C object CMakeFiles/orbbec_camera_msgs__rosidl_generator_py.dir/rosidl_generator_py/orbbec_camera_msgs/srv/_set_int32_s.c.o[0m
[12.538s] [ 96%] [32mBuilding C object CMakeFiles/orbbec_camera_msgs__rosidl_generator_py.dir/rosidl_generator_py/orbbec_camera_msgs/srv/_set_bag_recording_s.c.o[0m
[12.539s] [ 96%] [32mBuilding C object CMakeFiles/orbbec_camera_msgs__rosidl_generator_py.dir/rosidl_generator_py/orbbec_camera_msgs/srv/_get_user_calib_params_s.c.o[0m
[12.539s] [ 96%] [32mBuilding C object CMakeFiles/orbbec_camera_msgs__rosidl_generator_py.dir/rosidl_generator_py/orbbec_camera_msgs/srv/_set_user_calib_params_s.c.o[0m
[12.544s] [ 97%] [32mBuilding C object CMakeFiles/orbbec_camera_msgs__rosidl_generator_py.dir/rosidl_generator_py/orbbec_camera_msgs/srv/_set_stream_profile_s.c.o[0m
[12.648s] [ 97%] [32m[1mLinking C shared library rosidl_generator_py/orbbec_camera_msgs/liborbbec_camera_msgs__rosidl_generator_py.so[0m
[12.685s] [ 97%] Built target orbbec_camera_msgs__rosidl_generator_py
[12.700s] [100%] [32mBuilding C object CMakeFiles/orbbec_camera_msgs__rosidl_typesupport_fastrtps_c__pyext.dir/rosidl_generator_py/orbbec_camera_msgs/_orbbec_camera_msgs_s.ep.rosidl_typesupport_fastrtps_c.c.o[0m
[12.700s] [100%] [32mBuilding C object CMakeFiles/orbbec_camera_msgs__rosidl_typesupport_c__pyext.dir/rosidl_generator_py/orbbec_camera_msgs/_orbbec_camera_msgs_s.ep.rosidl_typesupport_c.c.o[0m
[12.700s] [100%] [32mBuilding C object CMakeFiles/orbbec_camera_msgs__rosidl_typesupport_introspection_c__pyext.dir/rosidl_generator_py/orbbec_camera_msgs/_orbbec_camera_msgs_s.ep.rosidl_typesupport_introspection_c.c.o[0m
[12.881s] [100%] [32m[1mLinking C shared library rosidl_generator_py/orbbec_camera_msgs/orbbec_camera_msgs_s__rosidl_typesupport_fastrtps_c.cpython-310-x86_64-linux-gnu.so[0m
[12.884s] [100%] [32m[1mLinking C shared library rosidl_generator_py/orbbec_camera_msgs/orbbec_camera_msgs_s__rosidl_typesupport_c.cpython-310-x86_64-linux-gnu.so[0m
[12.884s] [100%] [32m[1mLinking C shared library rosidl_generator_py/orbbec_camera_msgs/orbbec_camera_msgs_s__rosidl_typesupport_introspection_c.cpython-310-x86_64-linux-gnu.so[0m
[12.917s] [100%] Built target orbbec_camera_msgs__rosidl_typesupport_fastrtps_c__pyext
[12.918s] [100%] Built target orbbec_camera_msgs__rosidl_typesupport_c__pyext
[12.918s] [100%] Built target orbbec_camera_msgs__rosidl_typesupport_introspection_c__pyext
[12.927s] Invoked command in '/home/mia/data/Project_Backup/cylinder_project/build/orbbec_camera_msgs' returned '0': CMAKE_PREFIX_PATH=/opt/ros/humble /usr/bin/cmake --build /home/mia/data/Project_Backup/cylinder_project/build/orbbec_camera_msgs -- -j16 -l16
[12.929s] Invoking command in '/home/mia/data/Project_Backup/cylinder_project/build/orbbec_camera_msgs': CMAKE_PREFIX_PATH=/opt/ros/humble /usr/bin/cmake --install /home/mia/data/Project_Backup/cylinder_project/build/orbbec_camera_msgs
[12.935s] -- Install configuration: ""
[12.935s] -- Installing: /home/mia/data/Project_Backup/cylinder_project/install/orbbec_camera_msgs/share/ament_index/resource_index/rosidl_interfaces/orbbec_camera_msgs
[12.935s] -- Installing: /home/mia/data/Project_Backup/cylinder_project/install/orbbec_camera_msgs/include/orbbec_camera_msgs/orbbec_camera_msgs
[12.935s] -- Installing: /home/mia/data/Project_Backup/cylinder_project/install/orbbec_camera_msgs/include/orbbec_camera_msgs/orbbec_camera_msgs/msg
[12.935s] -- Installing: /home/mia/data/Project_Backup/cylinder_project/install/orbbec_camera_msgs/include/orbbec_camera_msgs/orbbec_camera_msgs/msg/depth_filter_state.h
[12.935s] -- Installing: /home/mia/data/Project_Backup/cylinder_project/install/orbbec_camera_msgs/include/orbbec_camera_msgs/orbbec_camera_msgs/msg/rgbd.h
[12.935s] -- Installing: /home/mia/data/Project_Backup/cylinder_project/install/orbbec_camera_msgs/include/orbbec_camera_msgs/orbbec_camera_msgs/msg/extrinsics.h
[12.936s] -- Installing: /home/mia/data/Project_Backup/cylinder_project/install/orbbec_camera_msgs/include/orbbec_camera_msgs/orbbec_camera_msgs/msg/imu_info.h
[12.936s] -- Installing: /home/mia/data/Project_Backup/cylinder_project/install/orbbec_camera_msgs/include/orbbec_camera_msgs/orbbec_camera_msgs/msg/rosidl_generator_c__visibility_control.h
[12.936s] -- Installing: /home/mia/data/Project_Backup/cylinder_project/install/orbbec_camera_msgs/include/orbbec_camera_msgs/orbbec_camera_msgs/msg/device_info.h
[12.936s] -- Installing: /home/mia/data/Project_Backup/cylinder_project/install/orbbec_camera_msgs/include/orbbec_camera_msgs/orbbec_camera_msgs/msg/depth_filter_param.h
[12.936s] -- Installing: /home/mia/data/Project_Backup/cylinder_project/install/orbbec_camera_msgs/include/orbbec_camera_msgs/orbbec_camera_msgs/msg/detail
[12.936s] -- Installing: /home/mia/data/Project_Backup/cylinder_project/install/orbbec_camera_msgs/include/orbbec_camera_msgs/orbbec_camera_msgs/msg/detail/metadata__struct.h
[12.936s] -- Installing: /home/mia/data/Project_Backup/cylinder_project/install/orbbec_camera_msgs/include/orbbec_camera_msgs/orbbec_camera_msgs/msg/detail/device_status__struct.h
[12.936s] -- Installing: /home/mia/data/Project_Backup/cylinder_project/install/orbbec_camera_msgs/include/orbbec_camera_msgs/orbbec_camera_msgs/msg/detail/imu_info__type_support.h
[12.936s] -- Installing: /home/mia/data/Project_Backup/cylinder_project/install/orbbec_camera_msgs/include/orbbec_camera_msgs/orbbec_camera_msgs/msg/detail/depth_filter_param__functions.h
[12.936s] -- Installing: /home/mia/data/Project_Backup/cylinder_project/install/orbbec_camera_msgs/include/orbbec_camera_msgs/orbbec_camera_msgs/msg/detail/extrinsics__struct.h
[12.936s] -- Installing: /home/mia/data/Project_Backup/cylinder_project/install/orbbec_camera_msgs/include/orbbec_camera_msgs/orbbec_camera_msgs/msg/detail/rgbd__functions.h
[12.936s] -- Installing: /home/mia/data/Project_Backup/cylinder_project/install/orbbec_camera_msgs/include/orbbec_camera_msgs/orbbec_camera_msgs/msg/detail/extrinsics__type_support.h
[12.936s] -- Installing: /home/mia/data/Project_Backup/cylinder_project/install/orbbec_camera_msgs/include/orbbec_camera_msgs/orbbec_camera_msgs/msg/detail/device_status__type_support.h
[12.936s] -- Installing: /home/mia/data/Project_Backup/cylinder_project/install/orbbec_camera_msgs/include/orbbec_camera_msgs/orbbec_camera_msgs/msg/detail/device_info__functions.h
[12.937s] -- Installing: /home/mia/data/Project_Backup/cylinder_project/install/orbbec_camera_msgs/include/orbbec_camera_msgs/orbbec_camera_msgs/msg/detail/stream_profile__functions.h
[12.937s] -- Installing: /home/mia/data/Project_Backup/cylinder_project/install/orbbec_camera_msgs/include/orbbec_camera_msgs/orbbec_camera_msgs/msg/detail/extrinsics__functions.h
[12.937s] -- Installing: /home/mia/data/Project_Backup/cylinder_project/install/orbbec_camera_msgs/include/orbbec_camera_msgs/orbbec_camera_msgs/msg/detail/imu_info__struct.h
[12.937s] -- Installing: /home/mia/data/Project_Backup/cylinder_project/install/orbbec_camera_msgs/include/orbbec_camera_msgs/orbbec_camera_msgs/msg/detail/device_info__type_support.h
[12.937s] -- Installing: /home/mia/data/Project_Backup/cylinder_project/install/orbbec_camera_msgs/include/orbbec_camera_msgs/orbbec_camera_msgs/msg/detail/extrinsics__functions.c
[12.937s] -- Installing: /home/mia/data/Project_Backup/cylinder_project/install/orbbec_camera_msgs/include/orbbec_camera_msgs/orbbec_camera_msgs/msg/detail/depth_filters_status__functions.c
[12.937s] -- Installing: /home/mia/data/Project_Backup/cylinder_project/install/orbbec_camera_msgs/include/orbbec_camera_msgs/orbbec_camera_msgs/msg/detail/stream_profile__struct.h
[12.937s] -- Installing: /home/mia/data/Project_Backup/cylinder_project/install/orbbec_camera_msgs/include/orbbec_camera_msgs/orbbec_camera_msgs/msg/detail/depth_filter_state__type_support.h
[12.937s] -- Installing: /home/mia/data/Project_Backup/cylinder_project/install/orbbec_camera_msgs/include/orbbec_camera_msgs/orbbec_camera_msgs/msg/detail/metadata__functions.c
[12.937s] -- Installing: /home/mia/data/Project_Backup/cylinder_project/install/orbbec_camera_msgs/include/orbbec_camera_msgs/orbbec_camera_msgs/msg/detail/depth_filter_param__struct.h
[12.937s] -- Installing: /home/mia/data/Project_Backup/cylinder_project/install/orbbec_camera_msgs/include/orbbec_camera_msgs/orbbec_camera_msgs/msg/detail/imu_info__functions.h
[12.937s] -- Installing: /home/mia/data/Project_Backup/cylinder_project/install/orbbec_camera_msgs/include/orbbec_camera_msgs/orbbec_camera_msgs/msg/detail/metadata__functions.h
[12.937s] -- Installing: /home/mia/data/Project_Backup/cylinder_project/install/orbbec_camera_msgs/include/orbbec_camera_msgs/orbbec_camera_msgs/msg/detail/stream_profile__type_support.h
[12.938s] -- Installing: /home/mia/data/Project_Backup/cylinder_project/install/orbbec_camera_msgs/include/orbbec_camera_msgs/orbbec_camera_msgs/msg/detail/depth_filters_status__functions.h
[12.938s] -- Installing: /home/mia/data/Project_Backup/cylinder_project/install/orbbec_camera_msgs/include/orbbec_camera_msgs/orbbec_camera_msgs/msg/detail/depth_filter_state__functions.c
[12.938s] -- Installing: /home/mia/data/Project_Backup/cylinder_project/install/orbbec_camera_msgs/include/orbbec_camera_msgs/orbbec_camera_msgs/msg/detail/depth_filter_param__functions.c
[12.938s] -- Installing: /home/mia/data/Project_Backup/cylinder_project/install/orbbec_camera_msgs/include/orbbec_camera_msgs/orbbec_camera_msgs/msg/detail/depth_filters_status__type_support.h
[12.938s] -- Installing: /home/mia/data/Project_Backup/cylinder_project/install/orbbec_camera_msgs/include/orbbec_camera_msgs/orbbec_camera_msgs/msg/detail/rgbd__type_support.h
[12.938s] -- Installing: /home/mia/data/Project_Backup/cylinder_project/install/orbbec_camera_msgs/include/orbbec_camera_msgs/orbbec_camera_msgs/msg/detail/device_status__functions.c
[12.938s] -- Installing: /home/mia/data/Project_Backup/cylinder_project/install/orbbec_camera_msgs/include/orbbec_camera_msgs/orbbec_camera_msgs/msg/detail/rgbd__struct.h
[12.938s] -- Installing: /home/mia/data/Project_Backup/cylinder_project/install/orbbec_camera_msgs/include/orbbec_camera_msgs/orbbec_camera_msgs/msg/detail/device_status__functions.h
[12.938s] -- Installing: /home/mia/data/Project_Backup/cylinder_project/install/orbbec_camera_msgs/include/orbbec_camera_msgs/orbbec_camera_msgs/msg/detail/depth_filter_state__functions.h
[12.938s] -- Installing: /home/mia/data/Project_Backup/cylinder_project/install/orbbec_camera_msgs/include/orbbec_camera_msgs/orbbec_camera_msgs/msg/detail/stream_profile__functions.c
[12.938s] -- Installing: /home/mia/data/Project_Backup/cylinder_project/install/orbbec_camera_msgs/include/orbbec_camera_msgs/orbbec_camera_msgs/msg/detail/metadata__type_support.h
[12.938s] -- Installing: /home/mia/data/Project_Backup/cylinder_project/install/orbbec_camera_msgs/include/orbbec_camera_msgs/orbbec_camera_msgs/msg/detail/depth_filter_state__struct.h
[12.938s] -- Installing: /home/mia/data/Project_Backup/cylinder_project/install/orbbec_camera_msgs/include/orbbec_camera_msgs/orbbec_camera_msgs/msg/detail/imu_info__functions.c
[12.939s] -- Installing: /home/mia/data/Project_Backup/cylinder_project/install/orbbec_camera_msgs/include/orbbec_camera_msgs/orbbec_camera_msgs/msg/detail/rgbd__functions.c
[12.939s] -- Installing: /home/mia/data/Project_Backup/cylinder_project/install/orbbec_camera_msgs/include/orbbec_camera_msgs/orbbec_camera_msgs/msg/detail/device_info__functions.c
[12.939s] -- Installing: /home/mia/data/Project_Backup/cylinder_project/install/orbbec_camera_msgs/include/orbbec_camera_msgs/orbbec_camera_msgs/msg/detail/depth_filters_status__struct.h
[12.939s] -- Installing: /home/mia/data/Project_Backup/cylinder_project/install/orbbec_camera_msgs/include/orbbec_camera_msgs/orbbec_camera_msgs/msg/detail/depth_filter_param__type_support.h
[12.939s] -- Installing: /home/mia/data/Project_Backup/cylinder_project/install/orbbec_camera_msgs/include/orbbec_camera_msgs/orbbec_camera_msgs/msg/detail/device_info__struct.h
[12.939s] -- Installing: /home/mia/data/Project_Backup/cylinder_project/install/orbbec_camera_msgs/include/orbbec_camera_msgs/orbbec_camera_msgs/msg/depth_filters_status.h
[12.939s] -- Installing: /home/mia/data/Project_Backup/cylinder_project/install/orbbec_camera_msgs/include/orbbec_camera_msgs/orbbec_camera_msgs/msg/stream_profile.h
[12.939s] -- Installing: /home/mia/data/Project_Backup/cylinder_project/install/orbbec_camera_msgs/include/orbbec_camera_msgs/orbbec_camera_msgs/msg/device_status.h
[12.939s] -- Installing: /home/mia/data/Project_Backup/cylinder_project/install/orbbec_camera_msgs/include/orbbec_camera_msgs/orbbec_camera_msgs/msg/metadata.h
[12.939s] -- Installing: /home/mia/data/Project_Backup/cylinder_project/install/orbbec_camera_msgs/include/orbbec_camera_msgs/orbbec_camera_msgs/srv
[12.939s] -- Installing: /home/mia/data/Project_Backup/cylinder_project/install/orbbec_camera_msgs/include/orbbec_camera_msgs/orbbec_camera_msgs/srv/get_camera_info.h
[12.939s] -- Installing: /home/mia/data/Project_Backup/cylinder_project/install/orbbec_camera_msgs/include/orbbec_camera_msgs/orbbec_camera_msgs/srv/set_string.h
[12.939s] -- Installing: /home/mia/data/Project_Backup/cylinder_project/install/orbbec_camera_msgs/include/orbbec_camera_msgs/orbbec_camera_msgs/srv/set_user_calib_params.h
[12.939s] -- Installing: /home/mia/data/Project_Backup/cylinder_project/install/orbbec_camera_msgs/include/orbbec_camera_msgs/orbbec_camera_msgs/srv/get_device_config.h
[12.940s] -- Installing: /home/mia/data/Project_Backup/cylinder_project/install/orbbec_camera_msgs/include/orbbec_camera_msgs/orbbec_camera_msgs/srv/get_bool.h
[12.940s] -- Installing: /home/mia/data/Project_Backup/cylinder_project/install/orbbec_camera_msgs/include/orbbec_camera_msgs/orbbec_camera_msgs/srv/set_bag_recording.h
[12.940s] -- Installing: /home/mia/data/Project_Backup/cylinder_project/install/orbbec_camera_msgs/include/orbbec_camera_msgs/orbbec_camera_msgs/srv/set_arrays.h
[12.940s] -- Installing: /home/mia/data/Project_Backup/cylinder_project/install/orbbec_camera_msgs/include/orbbec_camera_msgs/orbbec_camera_msgs/srv/get_user_calib_params.h
[12.940s] -- Installing: /home/mia/data/Project_Backup/cylinder_project/install/orbbec_camera_msgs/include/orbbec_camera_msgs/orbbec_camera_msgs/srv/get_device_info.h
[12.940s] -- Installing: /home/mia/data/Project_Backup/cylinder_project/install/orbbec_camera_msgs/include/orbbec_camera_msgs/orbbec_camera_msgs/srv/set_stream_profile.h
[12.940s] -- Installing: /home/mia/data/Project_Backup/cylinder_project/install/orbbec_camera_msgs/include/orbbec_camera_msgs/orbbec_camera_msgs/srv/get_string.h
[12.940s] -- Installing: /home/mia/data/Project_Backup/cylinder_project/install/orbbec_camera_msgs/include/orbbec_camera_msgs/orbbec_camera_msgs/srv/detail
[12.940s] -- Installing: /home/mia/data/Project_Backup/cylinder_project/install/orbbec_camera_msgs/include/orbbec_camera_msgs/orbbec_camera_msgs/srv/detail/get_device_config__struct.h
[12.940s] -- Installing: /home/mia/data/Project_Backup/cylinder_project/install/orbbec_camera_msgs/include/orbbec_camera_msgs/orbbec_camera_msgs/srv/detail/set_arrays__functions.c
[12.940s] -- Installing: /home/mia/data/Project_Backup/cylinder_project/install/orbbec_camera_msgs/include/orbbec_camera_msgs/orbbec_camera_msgs/srv/detail/get_int32__type_support.h
[12.940s] -- Installing: /home/mia/data/Project_Backup/cylinder_project/install/orbbec_camera_msgs/include/orbbec_camera_msgs/orbbec_camera_msgs/srv/detail/get_user_calib_params__type_support.h
[12.940s] -- Installing: /home/mia/data/Project_Backup/cylinder_project/install/orbbec_camera_msgs/include/orbbec_camera_msgs/orbbec_camera_msgs/srv/detail/set_string__struct.h
[12.941s] -- Installing: /home/mia/data/Project_Backup/cylinder_project/install/orbbec_camera_msgs/include/orbbec_camera_msgs/orbbec_camera_msgs/srv/detail/get_camera_info__functions.h
[12.941s] -- Installing: /home/mia/data/Project_Backup/cylinder_project/install/orbbec_camera_msgs/include/orbbec_camera_msgs/orbbec_camera_msgs/srv/detail/get_string__functions.c
[12.941s] -- Installing: /home/mia/data/Project_Backup/cylinder_project/install/orbbec_camera_msgs/include/orbbec_camera_msgs/orbbec_camera_msgs/srv/detail/get_user_calib_params__functions.h
[12.941s] -- Installing: /home/mia/data/Project_Backup/cylinder_project/install/orbbec_camera_msgs/include/orbbec_camera_msgs/orbbec_camera_msgs/srv/detail/set_bag_recording__type_support.h
[12.941s] -- Installing: /home/mia/data/Project_Backup/cylinder_project/install/orbbec_camera_msgs/include/orbbec_camera_msgs/orbbec_camera_msgs/srv/detail/set_user_calib_params__type_support.h
[12.941s] -- Installing: /home/mia/data/Project_Backup/cylinder_project/install/orbbec_camera_msgs/include/orbbec_camera_msgs/orbbec_camera_msgs/srv/detail/set_arrays__struct.h
[12.941s] -- Installing: /home/mia/data/Project_Backup/cylinder_project/install/orbbec_camera_msgs/include/orbbec_camera_msgs/orbbec_camera_msgs/srv/detail/set_user_calib_params__functions.h
[12.941s] -- Installing: /home/mia/data/Project_Backup/cylinder_project/install/orbbec_camera_msgs/include/orbbec_camera_msgs/orbbec_camera_msgs/srv/detail/get_camera_info__struct.h
[12.941s] -- Installing: /home/mia/data/Project_Backup/cylinder_project/install/orbbec_camera_msgs/include/orbbec_camera_msgs/orbbec_camera_msgs/srv/detail/get_bool__functions.c
[12.941s] -- Installing: /home/mia/data/Project_Backup/cylinder_project/install/orbbec_camera_msgs/include/orbbec_camera_msgs/orbbec_camera_msgs/srv/detail/set_user_calib_params__struct.h
[12.941s] -- Installing: /home/mia/data/Project_Backup/cylinder_project/install/orbbec_camera_msgs/include/orbbec_camera_msgs/orbbec_camera_msgs/srv/detail/set_user_calib_params__functions.c
[12.941s] -- Installing: /home/mia/data/Project_Backup/cylinder_project/install/orbbec_camera_msgs/include/orbbec_camera_msgs/orbbec_camera_msgs/srv/detail/set_int32__struct.h
[12.941s] -- Installing: /home/mia/data/Project_Backup/cylinder_project/install/orbbec_camera_msgs/include/orbbec_camera_msgs/orbbec_camera_msgs/srv/detail/set_filter__type_support.h
[12.942s] -- Installing: /home/mia/data/Project_Backup/cylinder_project/install/orbbec_camera_msgs/include/orbbec_camera_msgs/orbbec_camera_msgs/srv/detail/get_bool__struct.h
[12.942s] -- Installing: /home/mia/data/Project_Backup/cylinder_project/install/orbbec_camera_msgs/include/orbbec_camera_msgs/orbbec_camera_msgs/srv/detail/get_int32__struct.h
[12.942s] -- Installing: /home/mia/data/Project_Backup/cylinder_project/install/orbbec_camera_msgs/include/orbbec_camera_msgs/orbbec_camera_msgs/srv/detail/set_string__functions.h
[12.942s] -- Installing: /home/mia/data/Project_Backup/cylinder_project/install/orbbec_camera_msgs/include/orbbec_camera_msgs/orbbec_camera_msgs/srv/detail/set_stream_profile__functions.h
[12.942s] -- Installing: /home/mia/data/Project_Backup/cylinder_project/install/orbbec_camera_msgs/include/orbbec_camera_msgs/orbbec_camera_msgs/srv/detail/get_int32__functions.c
[12.942s] -- Installing: /home/mia/data/Project_Backup/cylinder_project/install/orbbec_camera_msgs/include/orbbec_camera_msgs/orbbec_camera_msgs/srv/detail/get_string__struct.h
[12.942s] -- Installing: /home/mia/data/Project_Backup/cylinder_project/install/orbbec_camera_msgs/include/orbbec_camera_msgs/orbbec_camera_msgs/srv/detail/set_arrays__functions.h
[12.942s] -- Installing: /home/mia/data/Project_Backup/cylinder_project/install/orbbec_camera_msgs/include/orbbec_camera_msgs/orbbec_camera_msgs/srv/detail/get_device_config__type_support.h
[12.942s] -- Installing: /home/mia/data/Project_Backup/cylinder_project/install/orbbec_camera_msgs/include/orbbec_camera_msgs/orbbec_camera_msgs/srv/detail/get_user_calib_params__functions.c
[12.942s] -- Installing: /home/mia/data/Project_Backup/cylinder_project/install/orbbec_camera_msgs/include/orbbec_camera_msgs/orbbec_camera_msgs/srv/detail/set_int32__type_support.h
[12.942s] -- Installing: /home/mia/data/Project_Backup/cylinder_project/install/orbbec_camera_msgs/include/orbbec_camera_msgs/orbbec_camera_msgs/srv/detail/set_stream_profile__type_support.h
[12.943s] -- Installing: /home/mia/data/Project_Backup/cylinder_project/install/orbbec_camera_msgs/include/orbbec_camera_msgs/orbbec_camera_msgs/srv/detail/set_stream_profile__struct.h
[12.943s] -- Installing: /home/mia/data/Project_Backup/cylinder_project/install/orbbec_camera_msgs/include/orbbec_camera_msgs/orbbec_camera_msgs/srv/detail/set_bag_recording__functions.c
[12.943s] -- Installing: /home/mia/data/Project_Backup/cylinder_project/install/orbbec_camera_msgs/include/orbbec_camera_msgs/orbbec_camera_msgs/srv/detail/set_stream_profile__functions.c
[12.943s] -- Installing: /home/mia/data/Project_Backup/cylinder_project/install/orbbec_camera_msgs/include/orbbec_camera_msgs/orbbec_camera_msgs/srv/detail/get_device_info__type_support.h
[12.943s] -- Installing: /home/mia/data/Project_Backup/cylinder_project/install/orbbec_camera_msgs/include/orbbec_camera_msgs/orbbec_camera_msgs/srv/detail/set_string__functions.c
[12.943s] -- Installing: /home/mia/data/Project_Backup/cylinder_project/install/orbbec_camera_msgs/include/orbbec_camera_msgs/orbbec_camera_msgs/srv/detail/set_int32__functions.c
[12.943s] -- Installing: /home/mia/data/Project_Backup/cylinder_project/install/orbbec_camera_msgs/include/orbbec_camera_msgs/orbbec_camera_msgs/srv/detail/set_string__type_support.h
[12.943s] -- Installing: /home/mia/data/Project_Backup/cylinder_project/install/orbbec_camera_msgs/include/orbbec_camera_msgs/orbbec_camera_msgs/srv/detail/get_string__type_support.h
[12.943s] -- Installing: /home/mia/data/Project_Backup/cylinder_project/install/orbbec_camera_msgs/include/orbbec_camera_msgs/orbbec_camera_msgs/srv/detail/get_camera_info__functions.c
[12.943s] -- Installing: /home/mia/data/Project_Backup/cylinder_project/install/orbbec_camera_msgs/include/orbbec_camera_msgs/orbbec_camera_msgs/srv/detail/set_filter__functions.c
[12.943s] -- Installing: /home/mia/data/Project_Backup/cylinder_project/install/orbbec_camera_msgs/include/orbbec_camera_msgs/orbbec_camera_msgs/srv/detail/get_device_info__struct.h
[12.943s] -- Installing: /home/mia/data/Project_Backup/cylinder_project/install/orbbec_camera_msgs/include/orbbec_camera_msgs/orbbec_camera_msgs/srv/detail/get_device_config__functions.h
[12.944s] -- Installing: /home/mia/data/Project_Backup/cylinder_project/install/orbbec_camera_msgs/include/orbbec_camera_msgs/orbbec_camera_msgs/srv/detail/set_bag_recording__struct.h
[12.944s] -- Installing: /home/mia/data/Project_Backup/cylinder_project/install/orbbec_camera_msgs/include/orbbec_camera_msgs/orbbec_camera_msgs/srv/detail/set_int32__functions.h
[12.944s] -- Installing: /home/mia/data/Project_Backup/cylinder_project/install/orbbec_camera_msgs/include/orbbec_camera_msgs/orbbec_camera_msgs/srv/detail/get_int32__functions.h
[12.944s] -- Installing: /home/mia/data/Project_Backup/cylinder_project/install/orbbec_camera_msgs/include/orbbec_camera_msgs/orbbec_camera_msgs/srv/detail/get_camera_info__type_support.h
[12.944s] -- Installing: /home/mia/data/Project_Backup/cylinder_project/install/orbbec_camera_msgs/include/orbbec_camera_msgs/orbbec_camera_msgs/srv/detail/set_bag_recording__functions.h
[12.944s] -- Installing: /home/mia/data/Project_Backup/cylinder_project/install/orbbec_camera_msgs/include/orbbec_camera_msgs/orbbec_camera_msgs/srv/detail/set_filter__struct.h
[12.944s] -- Installing: /home/mia/data/Project_Backup/cylinder_project/install/orbbec_camera_msgs/include/orbbec_camera_msgs/orbbec_camera_msgs/srv/detail/get_device_config__functions.c
[12.944s] -- Installing: /home/mia/data/Project_Backup/cylinder_project/install/orbbec_camera_msgs/include/orbbec_camera_msgs/orbbec_camera_msgs/srv/detail/get_string__functions.h
[12.944s] -- Installing: /home/mia/data/Project_Backup/cylinder_project/install/orbbec_camera_msgs/include/orbbec_camera_msgs/orbbec_camera_msgs/srv/detail/get_device_info__functions.h
[12.944s] -- Installing: /home/mia/data/Project_Backup/cylinder_project/install/orbbec_camera_msgs/include/orbbec_camera_msgs/orbbec_camera_msgs/srv/detail/get_bool__functions.h
[12.944s] -- Installing: /home/mia/data/Project_Backup/cylinder_project/install/orbbec_camera_msgs/include/orbbec_camera_msgs/orbbec_camera_msgs/srv/detail/set_arrays__type_support.h
[12.944s] -- Installing: /home/mia/data/Project_Backup/cylinder_project/install/orbbec_camera_msgs/include/orbbec_camera_msgs/orbbec_camera_msgs/srv/detail/get_user_calib_params__struct.h
[12.945s] -- Installing: /home/mia/data/Project_Backup/cylinder_project/install/orbbec_camera_msgs/include/orbbec_camera_msgs/orbbec_camera_msgs/srv/detail/get_bool__type_support.h
[12.945s] -- Installing: /home/mia/data/Project_Backup/cylinder_project/install/orbbec_camera_msgs/include/orbbec_camera_msgs/orbbec_camera_msgs/srv/detail/get_device_info__functions.c
[12.945s] -- Installing: /home/mia/data/Project_Backup/cylinder_project/install/orbbec_camera_msgs/include/orbbec_camera_msgs/orbbec_camera_msgs/srv/detail/set_filter__functions.h
[12.945s] -- Installing: /home/mia/data/Project_Backup/cylinder_project/install/orbbec_camera_msgs/include/orbbec_camera_msgs/orbbec_camera_msgs/srv/get_int32.h
[12.945s] -- Installing: /home/mia/data/Project_Backup/cylinder_project/install/orbbec_camera_msgs/include/orbbec_camera_msgs/orbbec_camera_msgs/srv/set_int32.h
[12.945s] -- Installing: /home/mia/data/Project_Backup/cylinder_project/install/orbbec_camera_msgs/include/orbbec_camera_msgs/orbbec_camera_msgs/srv/set_filter.h
[12.945s] -- Installing: /home/mia/data/Project_Backup/cylinder_project/install/orbbec_camera_msgs/share/orbbec_camera_msgs/environment/library_path.sh
[12.945s] -- Installing: /home/mia/data/Project_Backup/cylinder_project/install/orbbec_camera_msgs/share/orbbec_camera_msgs/environment/library_path.dsv
[12.945s] -- Installing: /home/mia/data/Project_Backup/cylinder_project/install/orbbec_camera_msgs/lib/liborbbec_camera_msgs__rosidl_generator_c.so
[12.946s] -- Set runtime path of "/home/mia/data/Project_Backup/cylinder_project/install/orbbec_camera_msgs/lib/liborbbec_camera_msgs__rosidl_generator_c.so" to ""
[12.946s] -- Up-to-date: /home/mia/data/Project_Backup/cylinder_project/install/orbbec_camera_msgs/include/orbbec_camera_msgs/orbbec_camera_msgs
[12.946s] -- Up-to-date: /home/mia/data/Project_Backup/cylinder_project/install/orbbec_camera_msgs/include/orbbec_camera_msgs/orbbec_camera_msgs/msg
[12.946s] -- Up-to-date: /home/mia/data/Project_Backup/cylinder_project/install/orbbec_camera_msgs/include/orbbec_camera_msgs/orbbec_camera_msgs/msg/detail
[12.946s] -- Installing: /home/mia/data/Project_Backup/cylinder_project/install/orbbec_camera_msgs/include/orbbec_camera_msgs/orbbec_camera_msgs/msg/detail/depth_filter_param__rosidl_typesupport_fastrtps_c.h
[12.946s] -- Installing: /home/mia/data/Project_Backup/cylinder_project/install/orbbec_camera_msgs/include/orbbec_camera_msgs/orbbec_camera_msgs/msg/detail/metadata__rosidl_typesupport_fastrtps_c.h
[12.946s] -- Installing: /home/mia/data/Project_Backup/cylinder_project/install/orbbec_camera_msgs/include/orbbec_camera_msgs/orbbec_camera_msgs/msg/detail/imu_info__rosidl_typesupport_fastrtps_c.h
[12.946s] -- Installing: /home/mia/data/Project_Backup/cylinder_project/install/orbbec_camera_msgs/include/orbbec_camera_msgs/orbbec_camera_msgs/msg/detail/device_info__rosidl_typesupport_fastrtps_c.h
[12.946s] -- Installing: /home/mia/data/Project_Backup/cylinder_project/install/orbbec_camera_msgs/include/orbbec_camera_msgs/orbbec_camera_msgs/msg/detail/extrinsics__rosidl_typesupport_fastrtps_c.h
[12.946s] -- Installing: /home/mia/data/Project_Backup/cylinder_project/install/orbbec_camera_msgs/include/orbbec_camera_msgs/orbbec_camera_msgs/msg/detail/depth_filter_state__rosidl_typesupport_fastrtps_c.h
[12.946s] -- Installing: /home/mia/data/Project_Backup/cylinder_project/install/orbbec_camera_msgs/include/orbbec_camera_msgs/orbbec_camera_msgs/msg/detail/rgbd__rosidl_typesupport_fastrtps_c.h
[12.946s] -- Installing: /home/mia/data/Project_Backup/cylinder_project/install/orbbec_camera_msgs/include/orbbec_camera_msgs/orbbec_camera_msgs/msg/detail/stream_profile__rosidl_typesupport_fastrtps_c.h
[12.947s] -- Installing: /home/mia/data/Project_Backup/cylinder_project/install/orbbec_camera_msgs/include/orbbec_camera_msgs/orbbec_camera_msgs/msg/detail/depth_filters_status__rosidl_typesupport_fastrtps_c.h
[12.947s] -- Installing: /home/mia/data/Project_Backup/cylinder_project/install/orbbec_camera_msgs/include/orbbec_camera_msgs/orbbec_camera_msgs/msg/detail/device_status__rosidl_typesupport_fastrtps_c.h
[12.947s] -- Installing: /home/mia/data/Project_Backup/cylinder_project/install/orbbec_camera_msgs/include/orbbec_camera_msgs/orbbec_camera_msgs/msg/rosidl_typesupport_fastrtps_c__visibility_control.h
[12.947s] -- Up-to-date: /home/mia/data/Project_Backup/cylinder_project/install/orbbec_camera_msgs/include/orbbec_camera_msgs/orbbec_camera_msgs/srv
[12.947s] -- Up-to-date: /home/mia/data/Project_Backup/cylinder_project/install/orbbec_camera_msgs/include/orbbec_camera_msgs/orbbec_camera_msgs/srv/detail
[12.947s] -- Installing: /home/mia/data/Project_Backup/cylinder_project/install/orbbec_camera_msgs/include/orbbec_camera_msgs/orbbec_camera_msgs/srv/detail/get_bool__rosidl_typesupport_fastrtps_c.h
[12.947s] -- Installing: /home/mia/data/Project_Backup/cylinder_project/install/orbbec_camera_msgs/include/orbbec_camera_msgs/orbbec_camera_msgs/srv/detail/get_camera_info__rosidl_typesupport_fastrtps_c.h
[12.947s] -- Installing: /home/mia/data/Project_Backup/cylinder_project/install/orbbec_camera_msgs/include/orbbec_camera_msgs/orbbec_camera_msgs/srv/detail/get_device_config__rosidl_typesupport_fastrtps_c.h
[12.947s] -- Installing: /home/mia/data/Project_Backup/cylinder_project/install/orbbec_camera_msgs/include/orbbec_camera_msgs/orbbec_camera_msgs/srv/detail/set_user_calib_params__rosidl_typesupport_fastrtps_c.h
[12.947s] -- Installing: /home/mia/data/Project_Backup/cylinder_project/install/orbbec_camera_msgs/include/orbbec_camera_msgs/orbbec_camera_msgs/srv/detail/set_filter__rosidl_typesupport_fastrtps_c.h
[12.947s] -- Installing: /home/mia/data/Project_Backup/cylinder_project/install/orbbec_camera_msgs/include/orbbec_camera_msgs/orbbec_camera_msgs/srv/detail/set_arrays__rosidl_typesupport_fastrtps_c.h
[12.947s] -- Installing: /home/mia/data/Project_Backup/cylinder_project/install/orbbec_camera_msgs/include/orbbec_camera_msgs/orbbec_camera_msgs/srv/detail/get_int32__rosidl_typesupport_fastrtps_c.h
[12.947s] -- Installing: /home/mia/data/Project_Backup/cylinder_project/install/orbbec_camera_msgs/include/orbbec_camera_msgs/orbbec_camera_msgs/srv/detail/get_device_info__rosidl_typesupport_fastrtps_c.h
[12.947s] -- Installing: /home/mia/data/Project_Backup/cylinder_project/install/orbbec_camera_msgs/include/orbbec_camera_msgs/orbbec_camera_msgs/srv/detail/set_int32__rosidl_typesupport_fastrtps_c.h
[12.947s] -- Installing: /home/mia/data/Project_Backup/cylinder_project/install/orbbec_camera_msgs/include/orbbec_camera_msgs/orbbec_camera_msgs/srv/detail/set_bag_recording__rosidl_typesupport_fastrtps_c.h
[12.948s] -- Installing: /home/mia/data/Project_Backup/cylinder_project/install/orbbec_camera_msgs/include/orbbec_camera_msgs/orbbec_camera_msgs/srv/detail/get_user_calib_params__rosidl_typesupport_fastrtps_c.h
[12.948s] -- Installing: /home/mia/data/Project_Backup/cylinder_project/install/orbbec_camera_msgs/include/orbbec_camera_msgs/orbbec_camera_msgs/srv/detail/set_stream_profile__rosidl_typesupport_fastrtps_c.h
[12.948s] -- Installing: /home/mia/data/Project_Backup/cylinder_project/install/orbbec_camera_msgs/include/orbbec_camera_msgs/orbbec_camera_msgs/srv/detail/get_string__rosidl_typesupport_fastrtps_c.h
[12.948s] -- Installing: /home/mia/data/Project_Backup/cylinder_project/install/orbbec_camera_msgs/include/orbbec_camera_msgs/orbbec_camera_msgs/srv/detail/set_string__rosidl_typesupport_fastrtps_c.h
[12.948s] -- Installing: /home/mia/data/Project_Backup/cylinder_project/install/orbbec_camera_msgs/lib/liborbbec_camera_msgs__rosidl_typesupport_fastrtps_c.so
[12.948s] -- Set runtime path of "/home/mia/data/Project_Backup/cylinder_project/install/orbbec_camera_msgs/lib/liborbbec_camera_msgs__rosidl_typesupport_fastrtps_c.so" to ""
[12.948s] -- Up-to-date: /home/mia/data/Project_Backup/cylinder_project/install/orbbec_camera_msgs/include/orbbec_camera_msgs/orbbec_camera_msgs
[12.948s] -- Up-to-date: /home/mia/data/Project_Backup/cylinder_project/install/orbbec_camera_msgs/include/orbbec_camera_msgs/orbbec_camera_msgs/msg
[12.948s] -- Installing: /home/mia/data/Project_Backup/cylinder_project/install/orbbec_camera_msgs/include/orbbec_camera_msgs/orbbec_camera_msgs/msg/rosidl_typesupport_introspection_c__visibility_control.h
[12.949s] -- Up-to-date: /home/mia/data/Project_Backup/cylinder_project/install/orbbec_camera_msgs/include/orbbec_camera_msgs/orbbec_camera_msgs/msg/detail
[12.949s] -- Installing: /home/mia/data/Project_Backup/cylinder_project/install/orbbec_camera_msgs/include/orbbec_camera_msgs/orbbec_camera_msgs/msg/detail/device_status__type_support.c
[12.949s] -- Installing: /home/mia/data/Project_Backup/cylinder_project/install/orbbec_camera_msgs/include/orbbec_camera_msgs/orbbec_camera_msgs/msg/detail/extrinsics__type_support.c
[12.949s] -- Installing: /home/mia/data/Project_Backup/cylinder_project/install/orbbec_camera_msgs/include/orbbec_camera_msgs/orbbec_camera_msgs/msg/detail/rgbd__rosidl_typesupport_introspection_c.h
[12.949s] -- Installing: /home/mia/data/Project_Backup/cylinder_project/install/orbbec_camera_msgs/include/orbbec_camera_msgs/orbbec_camera_msgs/msg/detail/stream_profile__rosidl_typesupport_introspection_c.h
[12.949s] -- Installing: /home/mia/data/Project_Backup/cylinder_project/install/orbbec_camera_msgs/include/orbbec_camera_msgs/orbbec_camera_msgs/msg/detail/extrinsics__rosidl_typesupport_introspection_c.h
[12.949s] -- Installing: /home/mia/data/Project_Backup/cylinder_project/install/orbbec_camera_msgs/include/orbbec_camera_msgs/orbbec_camera_msgs/msg/detail/stream_profile__type_support.c
[12.949s] -- Installing: /home/mia/data/Project_Backup/cylinder_project/install/orbbec_camera_msgs/include/orbbec_camera_msgs/orbbec_camera_msgs/msg/detail/imu_info__rosidl_typesupport_introspection_c.h
[12.949s] -- Installing: /home/mia/data/Project_Backup/cylinder_project/install/orbbec_camera_msgs/include/orbbec_camera_msgs/orbbec_camera_msgs/msg/detail/depth_filter_param__rosidl_typesupport_introspection_c.h
[12.949s] -- Installing: /home/mia/data/Project_Backup/cylinder_project/install/orbbec_camera_msgs/include/orbbec_camera_msgs/orbbec_camera_msgs/msg/detail/depth_filters_status__type_support.c
[12.949s] -- Installing: /home/mia/data/Project_Backup/cylinder_project/install/orbbec_camera_msgs/include/orbbec_camera_msgs/orbbec_camera_msgs/msg/detail/depth_filters_status__rosidl_typesupport_introspection_c.h
[12.949s] -- Installing: /home/mia/data/Project_Backup/cylinder_project/install/orbbec_camera_msgs/include/orbbec_camera_msgs/orbbec_camera_msgs/msg/detail/depth_filter_param__type_support.c
[12.949s] -- Installing: /home/mia/data/Project_Backup/cylinder_project/install/orbbec_camera_msgs/include/orbbec_camera_msgs/orbbec_camera_msgs/msg/detail/imu_info__type_support.c
[12.950s] -- Installing: /home/mia/data/Project_Backup/cylinder_project/install/orbbec_camera_msgs/include/orbbec_camera_msgs/orbbec_camera_msgs/msg/detail/metadata__type_support.c
[12.950s] -- Installing: /home/mia/data/Project_Backup/cylinder_project/install/orbbec_camera_msgs/include/orbbec_camera_msgs/orbbec_camera_msgs/msg/detail/device_status__rosidl_typesupport_introspection_c.h
[12.950s] -- Installing: /home/mia/data/Project_Backup/cylinder_project/install/orbbec_camera_msgs/include/orbbec_camera_msgs/orbbec_camera_msgs/msg/detail/depth_filter_state__type_support.c
[12.950s] -- Installing: /home/mia/data/Project_Backup/cylinder_project/install/orbbec_camera_msgs/include/orbbec_camera_msgs/orbbec_camera_msgs/msg/detail/depth_filter_state__rosidl_typesupport_introspection_c.h
[12.950s] -- Installing: /home/mia/data/Project_Backup/cylinder_project/install/orbbec_camera_msgs/include/orbbec_camera_msgs/orbbec_camera_msgs/msg/detail/device_info__type_support.c
[12.950s] -- Installing: /home/mia/data/Project_Backup/cylinder_project/install/orbbec_camera_msgs/include/orbbec_camera_msgs/orbbec_camera_msgs/msg/detail/rgbd__type_support.c
[12.950s] -- Installing: /home/mia/data/Project_Backup/cylinder_project/install/orbbec_camera_msgs/include/orbbec_camera_msgs/orbbec_camera_msgs/msg/detail/device_info__rosidl_typesupport_introspection_c.h
[12.950s] -- Installing: /home/mia/data/Project_Backup/cylinder_project/install/orbbec_camera_msgs/include/orbbec_camera_msgs/orbbec_camera_msgs/msg/detail/metadata__rosidl_typesupport_introspection_c.h
[12.950s] -- Up-to-date: /home/mia/data/Project_Backup/cylinder_project/install/orbbec_camera_msgs/include/orbbec_camera_msgs/orbbec_camera_msgs/srv
[12.950s] -- Up-to-date: /home/mia/data/Project_Backup/cylinder_project/install/orbbec_camera_msgs/include/orbbec_camera_msgs/orbbec_camera_msgs/srv/detail
[12.950s] -- Installing: /home/mia/data/Project_Backup/cylinder_project/install/orbbec_camera_msgs/include/orbbec_camera_msgs/orbbec_camera_msgs/srv/detail/get_device_config__rosidl_typesupport_introspection_c.h
[12.950s] -- Installing: /home/mia/data/Project_Backup/cylinder_project/install/orbbec_camera_msgs/include/orbbec_camera_msgs/orbbec_camera_msgs/srv/detail/get_int32__rosidl_typesupport_introspection_c.h
[12.950s] -- Installing: /home/mia/data/Project_Backup/cylinder_project/install/orbbec_camera_msgs/include/orbbec_camera_msgs/orbbec_camera_msgs/srv/detail/set_string__rosidl_typesupport_introspection_c.h
[12.951s] -- Installing: /home/mia/data/Project_Backup/cylinder_project/install/orbbec_camera_msgs/include/orbbec_camera_msgs/orbbec_camera_msgs/srv/detail/set_bag_recording__type_support.c
[12.951s] -- Installing: /home/mia/data/Project_Backup/cylinder_project/install/orbbec_camera_msgs/include/orbbec_camera_msgs/orbbec_camera_msgs/srv/detail/set_bag_recording__rosidl_typesupport_introspection_c.h
[12.951s] -- Installing: /home/mia/data/Project_Backup/cylinder_project/install/orbbec_camera_msgs/include/orbbec_camera_msgs/orbbec_camera_msgs/srv/detail/set_string__type_support.c
[12.951s] -- Installing: /home/mia/data/Project_Backup/cylinder_project/install/orbbec_camera_msgs/include/orbbec_camera_msgs/orbbec_camera_msgs/srv/detail/get_device_config__type_support.c
[12.951s] -- Installing: /home/mia/data/Project_Backup/cylinder_project/install/orbbec_camera_msgs/include/orbbec_camera_msgs/orbbec_camera_msgs/srv/detail/get_user_calib_params__type_support.c
[12.951s] -- Installing: /home/mia/data/Project_Backup/cylinder_project/install/orbbec_camera_msgs/include/orbbec_camera_msgs/orbbec_camera_msgs/srv/detail/get_device_info__type_support.c
[12.951s] -- Installing: /home/mia/data/Project_Backup/cylinder_project/install/orbbec_camera_msgs/include/orbbec_camera_msgs/orbbec_camera_msgs/srv/detail/get_device_info__rosidl_typesupport_introspection_c.h
[12.951s] -- Installing: /home/mia/data/Project_Backup/cylinder_project/install/orbbec_camera_msgs/include/orbbec_camera_msgs/orbbec_camera_msgs/srv/detail/set_int32__type_support.c
[12.951s] -- Installing: /home/mia/data/Project_Backup/cylinder_project/install/orbbec_camera_msgs/include/orbbec_camera_msgs/orbbec_camera_msgs/srv/detail/set_stream_profile__rosidl_typesupport_introspection_c.h
[12.951s] -- Installing: /home/mia/data/Project_Backup/cylinder_project/install/orbbec_camera_msgs/include/orbbec_camera_msgs/orbbec_camera_msgs/srv/detail/get_bool__type_support.c
[12.951s] -- Installing: /home/mia/data/Project_Backup/cylinder_project/install/orbbec_camera_msgs/include/orbbec_camera_msgs/orbbec_camera_msgs/srv/detail/get_string__rosidl_typesupport_introspection_c.h
[12.951s] -- Installing: /home/mia/data/Project_Backup/cylinder_project/install/orbbec_camera_msgs/include/orbbec_camera_msgs/orbbec_camera_msgs/srv/detail/get_int32__type_support.c
[12.951s] -- Installing: /home/mia/data/Project_Backup/cylinder_project/install/orbbec_camera_msgs/include/orbbec_camera_msgs/orbbec_camera_msgs/srv/detail/set_user_calib_params__rosidl_typesupport_introspection_c.h
[12.952s] -- Installing: /home/mia/data/Project_Backup/cylinder_project/install/orbbec_camera_msgs/include/orbbec_camera_msgs/orbbec_camera_msgs/srv/detail/get_string__type_support.c
[12.952s] -- Installing: /home/mia/data/Project_Backup/cylinder_project/install/orbbec_camera_msgs/include/orbbec_camera_msgs/orbbec_camera_msgs/srv/detail/set_filter__type_support.c
[12.952s] -- Installing: /home/mia/data/Project_Backup/cylinder_project/install/orbbec_camera_msgs/include/orbbec_camera_msgs/orbbec_camera_msgs/srv/detail/get_user_calib_params__rosidl_typesupport_introspection_c.h
[12.952s] -- Installing: /home/mia/data/Project_Backup/cylinder_project/install/orbbec_camera_msgs/include/orbbec_camera_msgs/orbbec_camera_msgs/srv/detail/set_user_calib_params__type_support.c
[12.952s] -- Installing: /home/mia/data/Project_Backup/cylinder_project/install/orbbec_camera_msgs/include/orbbec_camera_msgs/orbbec_camera_msgs/srv/detail/set_arrays__rosidl_typesupport_introspection_c.h
[12.952s] -- Installing: /home/mia/data/Project_Backup/cylinder_project/install/orbbec_camera_msgs/include/orbbec_camera_msgs/orbbec_camera_msgs/srv/detail/set_arrays__type_support.c
[12.952s] -- Installing: /home/mia/data/Project_Backup/cylinder_project/install/orbbec_camera_msgs/include/orbbec_camera_msgs/orbbec_camera_msgs/srv/detail/get_camera_info__rosidl_typesupport_introspection_c.h
[12.952s] -- Installing: /home/mia/data/Project_Backup/cylinder_project/install/orbbec_camera_msgs/include/orbbec_camera_msgs/orbbec_camera_msgs/srv/detail/set_stream_profile__type_support.c
[12.952s] -- Installing: /home/mia/data/Project_Backup/cylinder_project/install/orbbec_camera_msgs/include/orbbec_camera_msgs/orbbec_camera_msgs/srv/detail/get_bool__rosidl_typesupport_introspection_c.h
[12.952s] -- Installing: /home/mia/data/Project_Backup/cylinder_project/install/orbbec_camera_msgs/include/orbbec_camera_msgs/orbbec_camera_msgs/srv/detail/set_filter__rosidl_typesupport_introspection_c.h
[12.952s] -- Installing: /home/mia/data/Project_Backup/cylinder_project/install/orbbec_camera_msgs/include/orbbec_camera_msgs/orbbec_camera_msgs/srv/detail/get_camera_info__type_support.c
[12.953s] -- Installing: /home/mia/data/Project_Backup/cylinder_project/install/orbbec_camera_msgs/include/orbbec_camera_msgs/orbbec_camera_msgs/srv/detail/set_int32__rosidl_typesupport_introspection_c.h
[12.953s] -- Installing: /home/mia/data/Project_Backup/cylinder_project/install/orbbec_camera_msgs/lib/liborbbec_camera_msgs__rosidl_typesupport_introspection_c.so
[12.953s] -- Set runtime path of "/home/mia/data/Project_Backup/cylinder_project/install/orbbec_camera_msgs/lib/liborbbec_camera_msgs__rosidl_typesupport_introspection_c.so" to ""
[12.953s] -- Installing: /home/mia/data/Project_Backup/cylinder_project/install/orbbec_camera_msgs/lib/liborbbec_camera_msgs__rosidl_typesupport_c.so
[12.953s] -- Set runtime path of "/home/mia/data/Project_Backup/cylinder_project/install/orbbec_camera_msgs/lib/liborbbec_camera_msgs__rosidl_typesupport_c.so" to ""
[12.953s] -- Up-to-date: /home/mia/data/Project_Backup/cylinder_project/install/orbbec_camera_msgs/include/orbbec_camera_msgs/orbbec_camera_msgs
[12.953s] -- Up-to-date: /home/mia/data/Project_Backup/cylinder_project/install/orbbec_camera_msgs/include/orbbec_camera_msgs/orbbec_camera_msgs/msg
[12.953s] -- Installing: /home/mia/data/Project_Backup/cylinder_project/install/orbbec_camera_msgs/include/orbbec_camera_msgs/orbbec_camera_msgs/msg/extrinsics.hpp
[12.954s] -- Installing: /home/mia/data/Project_Backup/cylinder_project/install/orbbec_camera_msgs/include/orbbec_camera_msgs/orbbec_camera_msgs/msg/depth_filter_param.hpp
[12.954s] -- Installing: /home/mia/data/Project_Backup/cylinder_project/install/orbbec_camera_msgs/include/orbbec_camera_msgs/orbbec_camera_msgs/msg/rosidl_generator_cpp__visibility_control.hpp
[12.954s] -- Installing: /home/mia/data/Project_Backup/cylinder_project/install/orbbec_camera_msgs/include/orbbec_camera_msgs/orbbec_camera_msgs/msg/rgbd.hpp
[12.954s] -- Installing: /home/mia/data/Project_Backup/cylinder_project/install/orbbec_camera_msgs/include/orbbec_camera_msgs/orbbec_camera_msgs/msg/depth_filters_status.hpp
[12.954s] -- Installing: /home/mia/data/Project_Backup/cylinder_project/install/orbbec_camera_msgs/include/orbbec_camera_msgs/orbbec_camera_msgs/msg/stream_profile.hpp
[12.954s] -- Installing: /home/mia/data/Project_Backup/cylinder_project/install/orbbec_camera_msgs/include/orbbec_camera_msgs/orbbec_camera_msgs/msg/device_status.hpp
[12.954s] -- Installing: /home/mia/data/Project_Backup/cylinder_project/install/orbbec_camera_msgs/include/orbbec_camera_msgs/orbbec_camera_msgs/msg/depth_filter_state.hpp
[12.954s] -- Installing: /home/mia/data/Project_Backup/cylinder_project/install/orbbec_camera_msgs/include/orbbec_camera_msgs/orbbec_camera_msgs/msg/device_info.hpp
[12.954s] -- Installing: /home/mia/data/Project_Backup/cylinder_project/install/orbbec_camera_msgs/include/orbbec_camera_msgs/orbbec_camera_msgs/msg/imu_info.hpp
[12.954s] -- Up-to-date: /home/mia/data/Project_Backup/cylinder_project/install/orbbec_camera_msgs/include/orbbec_camera_msgs/orbbec_camera_msgs/msg/detail
[12.954s] -- Installing: /home/mia/data/Project_Backup/cylinder_project/install/orbbec_camera_msgs/include/orbbec_camera_msgs/orbbec_camera_msgs/msg/detail/depth_filter_param__builder.hpp
[12.954s] -- Installing: /home/mia/data/Project_Backup/cylinder_project/install/orbbec_camera_msgs/include/orbbec_camera_msgs/orbbec_camera_msgs/msg/detail/imu_info__struct.hpp
[12.954s] -- Installing: /home/mia/data/Project_Backup/cylinder_project/install/orbbec_camera_msgs/include/orbbec_camera_msgs/orbbec_camera_msgs/msg/detail/rgbd__traits.hpp
[12.954s] -- Installing: /home/mia/data/Project_Backup/cylinder_project/install/orbbec_camera_msgs/include/orbbec_camera_msgs/orbbec_camera_msgs/msg/detail/stream_profile__type_support.hpp
[12.955s] -- Installing: /home/mia/data/Project_Backup/cylinder_project/install/orbbec_camera_msgs/include/orbbec_camera_msgs/orbbec_camera_msgs/msg/detail/imu_info__type_support.hpp
[12.955s] -- Installing: /home/mia/data/Project_Backup/cylinder_project/install/orbbec_camera_msgs/include/orbbec_camera_msgs/orbbec_camera_msgs/msg/detail/metadata__traits.hpp
[12.955s] -- Installing: /home/mia/data/Project_Backup/cylinder_project/install/orbbec_camera_msgs/include/orbbec_camera_msgs/orbbec_camera_msgs/msg/detail/metadata__builder.hpp
[12.955s] -- Installing: /home/mia/data/Project_Backup/cylinder_project/install/orbbec_camera_msgs/include/orbbec_camera_msgs/orbbec_camera_msgs/msg/detail/stream_profile__builder.hpp
[12.955s] -- Installing: /home/mia/data/Project_Backup/cylinder_project/install/orbbec_camera_msgs/include/orbbec_camera_msgs/orbbec_camera_msgs/msg/detail/depth_filter_state__traits.hpp
[12.955s] -- Installing: /home/mia/data/Project_Backup/cylinder_project/install/orbbec_camera_msgs/include/orbbec_camera_msgs/orbbec_camera_msgs/msg/detail/depth_filter_param__type_support.hpp
[12.955s] -- Installing: /home/mia/data/Project_Backup/cylinder_project/install/orbbec_camera_msgs/include/orbbec_camera_msgs/orbbec_camera_msgs/msg/detail/depth_filter_state__struct.hpp
[12.955s] -- Installing: /home/mia/data/Project_Backup/cylinder_project/install/orbbec_camera_msgs/include/orbbec_camera_msgs/orbbec_camera_msgs/msg/detail/depth_filter_state__builder.hpp
[12.955s] -- Installing: /home/mia/data/Project_Backup/cylinder_project/install/orbbec_camera_msgs/include/orbbec_camera_msgs/orbbec_camera_msgs/msg/detail/extrinsics__builder.hpp
[12.955s] -- Installing: /home/mia/data/Project_Backup/cylinder_project/install/orbbec_camera_msgs/include/orbbec_camera_msgs/orbbec_camera_msgs/msg/detail/depth_filters_status__type_support.hpp
[12.955s] -- Installing: /home/mia/data/Project_Backup/cylinder_project/install/orbbec_camera_msgs/include/orbbec_camera_msgs/orbbec_camera_msgs/msg/detail/imu_info__builder.hpp
[12.955s] -- Installing: /home/mia/data/Project_Backup/cylinder_project/install/orbbec_camera_msgs/include/orbbec_camera_msgs/orbbec_camera_msgs/msg/detail/depth_filter_param__struct.hpp
[12.955s] -- Installing: /home/mia/data/Project_Backup/cylinder_project/install/orbbec_camera_msgs/include/orbbec_camera_msgs/orbbec_camera_msgs/msg/detail/device_status__struct.hpp
[12.956s] -- Installing: /home/mia/data/Project_Backup/cylinder_project/install/orbbec_camera_msgs/include/orbbec_camera_msgs/orbbec_camera_msgs/msg/detail/depth_filter_state__type_support.hpp
[12.956s] -- Installing: /home/mia/data/Project_Backup/cylinder_project/install/orbbec_camera_msgs/include/orbbec_camera_msgs/orbbec_camera_msgs/msg/detail/extrinsics__type_support.hpp
[12.956s] -- Installing: /home/mia/data/Project_Backup/cylinder_project/install/orbbec_camera_msgs/include/orbbec_camera_msgs/orbbec_camera_msgs/msg/detail/depth_filters_status__traits.hpp
[12.956s] -- Installing: /home/mia/data/Project_Backup/cylinder_project/install/orbbec_camera_msgs/include/orbbec_camera_msgs/orbbec_camera_msgs/msg/detail/stream_profile__traits.hpp
[12.956s] -- Installing: /home/mia/data/Project_Backup/cylinder_project/install/orbbec_camera_msgs/include/orbbec_camera_msgs/orbbec_camera_msgs/msg/detail/depth_filters_status__struct.hpp
[12.956s] -- Installing: /home/mia/data/Project_Backup/cylinder_project/install/orbbec_camera_msgs/include/orbbec_camera_msgs/orbbec_camera_msgs/msg/detail/depth_filter_param__traits.hpp
[12.956s] -- Installing: /home/mia/data/Project_Backup/cylinder_project/install/orbbec_camera_msgs/include/orbbec_camera_msgs/orbbec_camera_msgs/msg/detail/rgbd__type_support.hpp
[12.956s] -- Installing: /home/mia/data/Project_Backup/cylinder_project/install/orbbec_camera_msgs/include/orbbec_camera_msgs/orbbec_camera_msgs/msg/detail/device_info__struct.hpp
[12.956s] -- Installing: /home/mia/data/Project_Backup/cylinder_project/install/orbbec_camera_msgs/include/orbbec_camera_msgs/orbbec_camera_msgs/msg/detail/stream_profile__struct.hpp
[12.956s] -- Installing: /home/mia/data/Project_Backup/cylinder_project/install/orbbec_camera_msgs/include/orbbec_camera_msgs/orbbec_camera_msgs/msg/detail/extrinsics__struct.hpp
[12.956s] -- Installing: /home/mia/data/Project_Backup/cylinder_project/install/orbbec_camera_msgs/include/orbbec_camera_msgs/orbbec_camera_msgs/msg/detail/device_status__traits.hpp
[12.956s] -- Installing: /home/mia/data/Project_Backup/cylinder_project/install/orbbec_camera_msgs/include/orbbec_camera_msgs/orbbec_camera_msgs/msg/detail/metadata__type_support.hpp
[12.956s] -- Installing: /home/mia/data/Project_Backup/cylinder_project/install/orbbec_camera_msgs/include/orbbec_camera_msgs/orbbec_camera_msgs/msg/detail/device_status__type_support.hpp
[12.957s] -- Installing: /home/mia/data/Project_Backup/cylinder_project/install/orbbec_camera_msgs/include/orbbec_camera_msgs/orbbec_camera_msgs/msg/detail/extrinsics__traits.hpp
[12.957s] -- Installing: /home/mia/data/Project_Backup/cylinder_project/install/orbbec_camera_msgs/include/orbbec_camera_msgs/orbbec_camera_msgs/msg/detail/device_status__builder.hpp
[12.957s] -- Installing: /home/mia/data/Project_Backup/cylinder_project/install/orbbec_camera_msgs/include/orbbec_camera_msgs/orbbec_camera_msgs/msg/detail/depth_filters_status__builder.hpp
[12.957s] -- Installing: /home/mia/data/Project_Backup/cylinder_project/install/orbbec_camera_msgs/include/orbbec_camera_msgs/orbbec_camera_msgs/msg/detail/device_info__type_support.hpp
[12.957s] -- Installing: /home/mia/data/Project_Backup/cylinder_project/install/orbbec_camera_msgs/include/orbbec_camera_msgs/orbbec_camera_msgs/msg/detail/rgbd__builder.hpp
[12.957s] -- Installing: /home/mia/data/Project_Backup/cylinder_project/install/orbbec_camera_msgs/include/orbbec_camera_msgs/orbbec_camera_msgs/msg/detail/rgbd__struct.hpp
[12.957s] -- Installing: /home/mia/data/Project_Backup/cylinder_project/install/orbbec_camera_msgs/include/orbbec_camera_msgs/orbbec_camera_msgs/msg/detail/device_info__builder.hpp
[12.957s] -- Installing: /home/mia/data/Project_Backup/cylinder_project/install/orbbec_camera_msgs/include/orbbec_camera_msgs/orbbec_camera_msgs/msg/detail/device_info__traits.hpp
[12.957s] -- Installing: /home/mia/data/Project_Backup/cylinder_project/install/orbbec_camera_msgs/include/orbbec_camera_msgs/orbbec_camera_msgs/msg/detail/imu_info__traits.hpp
[12.957s] -- Installing: /home/mia/data/Project_Backup/cylinder_project/install/orbbec_camera_msgs/include/orbbec_camera_msgs/orbbec_camera_msgs/msg/detail/metadata__struct.hpp
[12.957s] -- Installing: /home/mia/data/Project_Backup/cylinder_project/install/orbbec_camera_msgs/include/orbbec_camera_msgs/orbbec_camera_msgs/msg/metadata.hpp
[12.958s] -- Up-to-date: /home/mia/data/Project_Backup/cylinder_project/install/orbbec_camera_msgs/include/orbbec_camera_msgs/orbbec_camera_msgs/srv
[12.958s] -- Installing: /home/mia/data/Project_Backup/cylinder_project/install/orbbec_camera_msgs/include/orbbec_camera_msgs/orbbec_camera_msgs/srv/set_int32.hpp
[12.958s] -- Installing: /home/mia/data/Project_Backup/cylinder_project/install/orbbec_camera_msgs/include/orbbec_camera_msgs/orbbec_camera_msgs/srv/set_arrays.hpp
[12.958s] -- Installing: /home/mia/data/Project_Backup/cylinder_project/install/orbbec_camera_msgs/include/orbbec_camera_msgs/orbbec_camera_msgs/srv/set_string.hpp
[12.958s] -- Installing: /home/mia/data/Project_Backup/cylinder_project/install/orbbec_camera_msgs/include/orbbec_camera_msgs/orbbec_camera_msgs/srv/get_bool.hpp
[12.958s] -- Installing: /home/mia/data/Project_Backup/cylinder_project/install/orbbec_camera_msgs/include/orbbec_camera_msgs/orbbec_camera_msgs/srv/get_string.hpp
[12.958s] -- Installing: /home/mia/data/Project_Backup/cylinder_project/install/orbbec_camera_msgs/include/orbbec_camera_msgs/orbbec_camera_msgs/srv/get_camera_info.hpp
[12.958s] -- Installing: /home/mia/data/Project_Backup/cylinder_project/install/orbbec_camera_msgs/include/orbbec_camera_msgs/orbbec_camera_msgs/srv/get_int32.hpp
[12.958s] -- Installing: /home/mia/data/Project_Backup/cylinder_project/install/orbbec_camera_msgs/include/orbbec_camera_msgs/orbbec_camera_msgs/srv/get_user_calib_params.hpp
[12.958s] -- Installing: /home/mia/data/Project_Backup/cylinder_project/install/orbbec_camera_msgs/include/orbbec_camera_msgs/orbbec_camera_msgs/srv/get_device_info.hpp
[12.958s] -- Installing: /home/mia/data/Project_Backup/cylinder_project/install/orbbec_camera_msgs/include/orbbec_camera_msgs/orbbec_camera_msgs/srv/set_user_calib_params.hpp
[12.958s] -- Installing: /home/mia/data/Project_Backup/cylinder_project/install/orbbec_camera_msgs/include/orbbec_camera_msgs/orbbec_camera_msgs/srv/set_bag_recording.hpp
[12.958s] -- Installing: /home/mia/data/Project_Backup/cylinder_project/install/orbbec_camera_msgs/include/orbbec_camera_msgs/orbbec_camera_msgs/srv/set_filter.hpp
[12.959s] -- Up-to-date: /home/mia/data/Project_Backup/cylinder_project/install/orbbec_camera_msgs/include/orbbec_camera_msgs/orbbec_camera_msgs/srv/detail
[12.959s] -- Installing: /home/mia/data/Project_Backup/cylinder_project/install/orbbec_camera_msgs/include/orbbec_camera_msgs/orbbec_camera_msgs/srv/detail/get_camera_info__type_support.hpp
[12.959s] -- Installing: /home/mia/data/Project_Backup/cylinder_project/install/orbbec_camera_msgs/include/orbbec_camera_msgs/orbbec_camera_msgs/srv/detail/get_device_config__type_support.hpp
[12.959s] -- Installing: /home/mia/data/Project_Backup/cylinder_project/install/orbbec_camera_msgs/include/orbbec_camera_msgs/orbbec_camera_msgs/srv/detail/get_device_info__struct.hpp
[12.959s] -- Installing: /home/mia/data/Project_Backup/cylinder_project/install/orbbec_camera_msgs/include/orbbec_camera_msgs/orbbec_camera_msgs/srv/detail/get_string__builder.hpp
[12.959s] -- Installing: /home/mia/data/Project_Backup/cylinder_project/install/orbbec_camera_msgs/include/orbbec_camera_msgs/orbbec_camera_msgs/srv/detail/set_bag_recording__traits.hpp
[12.959s] -- Installing: /home/mia/data/Project_Backup/cylinder_project/install/orbbec_camera_msgs/include/orbbec_camera_msgs/orbbec_camera_msgs/srv/detail/set_stream_profile__builder.hpp
[12.959s] -- Installing: /home/mia/data/Project_Backup/cylinder_project/install/orbbec_camera_msgs/include/orbbec_camera_msgs/orbbec_camera_msgs/srv/detail/get_int32__type_support.hpp
[12.959s] -- Installing: /home/mia/data/Project_Backup/cylinder_project/install/orbbec_camera_msgs/include/orbbec_camera_msgs/orbbec_camera_msgs/srv/detail/set_string__traits.hpp
[12.959s] -- Installing: /home/mia/data/Project_Backup/cylinder_project/install/orbbec_camera_msgs/include/orbbec_camera_msgs/orbbec_camera_msgs/srv/detail/get_bool__builder.hpp
[12.959s] -- Installing: /home/mia/data/Project_Backup/cylinder_project/install/orbbec_camera_msgs/include/orbbec_camera_msgs/orbbec_camera_msgs/srv/detail/set_string__type_support.hpp
[12.959s] -- Installing: /home/mia/data/Project_Backup/cylinder_project/install/orbbec_camera_msgs/include/orbbec_camera_msgs/orbbec_camera_msgs/srv/detail/set_stream_profile__traits.hpp
[12.959s] -- Installing: /home/mia/data/Project_Backup/cylinder_project/install/orbbec_camera_msgs/include/orbbec_camera_msgs/orbbec_camera_msgs/srv/detail/get_bool__struct.hpp
[12.960s] -- Installing: /home/mia/data/Project_Backup/cylinder_project/install/orbbec_camera_msgs/include/orbbec_camera_msgs/orbbec_camera_msgs/srv/detail/set_filter__struct.hpp
[12.960s] -- Installing: /home/mia/data/Project_Backup/cylinder_project/install/orbbec_camera_msgs/include/orbbec_camera_msgs/orbbec_camera_msgs/srv/detail/get_user_calib_params__type_support.hpp
[12.960s] -- Installing: /home/mia/data/Project_Backup/cylinder_project/install/orbbec_camera_msgs/include/orbbec_camera_msgs/orbbec_camera_msgs/srv/detail/get_bool__traits.hpp
[12.960s] -- Installing: /home/mia/data/Project_Backup/cylinder_project/install/orbbec_camera_msgs/include/orbbec_camera_msgs/orbbec_camera_msgs/srv/detail/set_int32__struct.hpp
[12.960s] -- Installing: /home/mia/data/Project_Backup/cylinder_project/install/orbbec_camera_msgs/include/orbbec_camera_msgs/orbbec_camera_msgs/srv/detail/set_int32__traits.hpp
[12.960s] -- Installing: /home/mia/data/Project_Backup/cylinder_project/install/orbbec_camera_msgs/include/orbbec_camera_msgs/orbbec_camera_msgs/srv/detail/set_string__builder.hpp
[12.960s] -- Installing: /home/mia/data/Project_Backup/cylinder_project/install/orbbec_camera_msgs/include/orbbec_camera_msgs/orbbec_camera_msgs/srv/detail/set_string__struct.hpp
[12.960s] -- Installing: /home/mia/data/Project_Backup/cylinder_project/install/orbbec_camera_msgs/include/orbbec_camera_msgs/orbbec_camera_msgs/srv/detail/get_int32__traits.hpp
[12.960s] -- Installing: /home/mia/data/Project_Backup/cylinder_project/install/orbbec_camera_msgs/include/orbbec_camera_msgs/orbbec_camera_msgs/srv/detail/set_filter__type_support.hpp
[12.960s] -- Installing: /home/mia/data/Project_Backup/cylinder_project/install/orbbec_camera_msgs/include/orbbec_camera_msgs/orbbec_camera_msgs/srv/detail/get_string__traits.hpp
[12.960s] -- Installing: /home/mia/data/Project_Backup/cylinder_project/install/orbbec_camera_msgs/include/orbbec_camera_msgs/orbbec_camera_msgs/srv/detail/get_user_calib_params__traits.hpp
[12.961s] -- Installing: /home/mia/data/Project_Backup/cylinder_project/install/orbbec_camera_msgs/include/orbbec_camera_msgs/orbbec_camera_msgs/srv/detail/get_device_info__builder.hpp
[12.961s] -- Installing: /home/mia/data/Project_Backup/cylinder_project/install/orbbec_camera_msgs/include/orbbec_camera_msgs/orbbec_camera_msgs/srv/detail/get_device_info__traits.hpp
[12.961s] -- Installing: /home/mia/data/Project_Backup/cylinder_project/install/orbbec_camera_msgs/include/orbbec_camera_msgs/orbbec_camera_msgs/srv/detail/get_device_config__traits.hpp
[12.961s] -- Installing: /home/mia/data/Project_Backup/cylinder_project/install/orbbec_camera_msgs/include/orbbec_camera_msgs/orbbec_camera_msgs/srv/detail/get_camera_info__traits.hpp
[12.961s] -- Installing: /home/mia/data/Project_Backup/cylinder_project/install/orbbec_camera_msgs/include/orbbec_camera_msgs/orbbec_camera_msgs/srv/detail/get_int32__builder.hpp
[12.961s] -- Installing: /home/mia/data/Project_Backup/cylinder_project/install/orbbec_camera_msgs/include/orbbec_camera_msgs/orbbec_camera_msgs/srv/detail/get_camera_info__struct.hpp
[12.961s] -- Installing: /home/mia/data/Project_Backup/cylinder_project/install/orbbec_camera_msgs/include/orbbec_camera_msgs/orbbec_camera_msgs/srv/detail/set_filter__builder.hpp
[12.961s] -- Installing: /home/mia/data/Project_Backup/cylinder_project/install/orbbec_camera_msgs/include/orbbec_camera_msgs/orbbec_camera_msgs/srv/detail/set_user_calib_params__struct.hpp
[12.961s] -- Installing: /home/mia/data/Project_Backup/cylinder_project/install/orbbec_camera_msgs/include/orbbec_camera_msgs/orbbec_camera_msgs/srv/detail/set_user_calib_params__type_support.hpp
[12.961s] -- Installing: /home/mia/data/Project_Backup/cylinder_project/install/orbbec_camera_msgs/include/orbbec_camera_msgs/orbbec_camera_msgs/srv/detail/set_arrays__builder.hpp
[12.961s] -- Installing: /home/mia/data/Project_Backup/cylinder_project/install/orbbec_camera_msgs/include/orbbec_camera_msgs/orbbec_camera_msgs/srv/detail/set_bag_recording__type_support.hpp
[12.961s] -- Installing: /home/mia/data/Project_Backup/cylinder_project/install/orbbec_camera_msgs/include/orbbec_camera_msgs/orbbec_camera_msgs/srv/detail/set_bag_recording__builder.hpp
[12.962s] -- Installing: /home/mia/data/Project_Backup/cylinder_project/install/orbbec_camera_msgs/include/orbbec_camera_msgs/orbbec_camera_msgs/srv/detail/get_device_config__struct.hpp
[12.962s] -- Installing: /home/mia/data/Project_Backup/cylinder_project/install/orbbec_camera_msgs/include/orbbec_camera_msgs/orbbec_camera_msgs/srv/detail/get_string__type_support.hpp
[12.962s] -- Installing: /home/mia/data/Project_Backup/cylinder_project/install/orbbec_camera_msgs/include/orbbec_camera_msgs/orbbec_camera_msgs/srv/detail/get_device_config__builder.hpp
[12.962s] -- Installing: /home/mia/data/Project_Backup/cylinder_project/install/orbbec_camera_msgs/include/orbbec_camera_msgs/orbbec_camera_msgs/srv/detail/get_user_calib_params__builder.hpp
[12.962s] -- Installing: /home/mia/data/Project_Backup/cylinder_project/install/orbbec_camera_msgs/include/orbbec_camera_msgs/orbbec_camera_msgs/srv/detail/set_arrays__traits.hpp
[12.962s] -- Installing: /home/mia/data/Project_Backup/cylinder_project/install/orbbec_camera_msgs/include/orbbec_camera_msgs/orbbec_camera_msgs/srv/detail/set_arrays__struct.hpp
[12.962s] -- Installing: /home/mia/data/Project_Backup/cylinder_project/install/orbbec_camera_msgs/include/orbbec_camera_msgs/orbbec_camera_msgs/srv/detail/set_stream_profile__type_support.hpp
[12.962s] -- Installing: /home/mia/data/Project_Backup/cylinder_project/install/orbbec_camera_msgs/include/orbbec_camera_msgs/orbbec_camera_msgs/srv/detail/set_int32__builder.hpp
[12.962s] -- Installing: /home/mia/data/Project_Backup/cylinder_project/install/orbbec_camera_msgs/include/orbbec_camera_msgs/orbbec_camera_msgs/srv/detail/set_arrays__type_support.hpp
[12.962s] -- Installing: /home/mia/data/Project_Backup/cylinder_project/install/orbbec_camera_msgs/include/orbbec_camera_msgs/orbbec_camera_msgs/srv/detail/get_user_calib_params__struct.hpp
[12.962s] -- Installing: /home/mia/data/Project_Backup/cylinder_project/install/orbbec_camera_msgs/include/orbbec_camera_msgs/orbbec_camera_msgs/srv/detail/get_device_info__type_support.hpp
[12.962s] -- Installing: /home/mia/data/Project_Backup/cylinder_project/install/orbbec_camera_msgs/include/orbbec_camera_msgs/orbbec_camera_msgs/srv/detail/set_int32__type_support.hpp
[12.962s] -- Installing: /home/mia/data/Project_Backup/cylinder_project/install/orbbec_camera_msgs/include/orbbec_camera_msgs/orbbec_camera_msgs/srv/detail/get_bool__type_support.hpp
[12.963s] -- Installing: /home/mia/data/Project_Backup/cylinder_project/install/orbbec_camera_msgs/include/orbbec_camera_msgs/orbbec_camera_msgs/srv/detail/set_bag_recording__struct.hpp
[12.963s] -- Installing: /home/mia/data/Project_Backup/cylinder_project/install/orbbec_camera_msgs/include/orbbec_camera_msgs/orbbec_camera_msgs/srv/detail/get_string__struct.hpp
[12.963s] -- Installing: /home/mia/data/Project_Backup/cylinder_project/install/orbbec_camera_msgs/include/orbbec_camera_msgs/orbbec_camera_msgs/srv/detail/set_stream_profile__struct.hpp
[12.963s] -- Installing: /home/mia/data/Project_Backup/cylinder_project/install/orbbec_camera_msgs/include/orbbec_camera_msgs/orbbec_camera_msgs/srv/detail/get_int32__struct.hpp
[12.963s] -- Installing: /home/mia/data/Project_Backup/cylinder_project/install/orbbec_camera_msgs/include/orbbec_camera_msgs/orbbec_camera_msgs/srv/detail/set_filter__traits.hpp
[12.963s] -- Installing: /home/mia/data/Project_Backup/cylinder_project/install/orbbec_camera_msgs/include/orbbec_camera_msgs/orbbec_camera_msgs/srv/detail/get_camera_info__builder.hpp
[12.963s] -- Installing: /home/mia/data/Project_Backup/cylinder_project/install/orbbec_camera_msgs/include/orbbec_camera_msgs/orbbec_camera_msgs/srv/detail/set_user_calib_params__traits.hpp
[12.963s] -- Installing: /home/mia/data/Project_Backup/cylinder_project/install/orbbec_camera_msgs/include/orbbec_camera_msgs/orbbec_camera_msgs/srv/detail/set_user_calib_params__builder.hpp
[12.963s] -- Installing: /home/mia/data/Project_Backup/cylinder_project/install/orbbec_camera_msgs/include/orbbec_camera_msgs/orbbec_camera_msgs/srv/get_device_config.hpp
[12.963s] -- Installing: /home/mia/data/Project_Backup/cylinder_project/install/orbbec_camera_msgs/include/orbbec_camera_msgs/orbbec_camera_msgs/srv/set_stream_profile.hpp
[12.964s] -- Up-to-date: /home/mia/data/Project_Backup/cylinder_project/install/orbbec_camera_msgs/include/orbbec_camera_msgs/orbbec_camera_msgs
[12.964s] -- Up-to-date: /home/mia/data/Project_Backup/cylinder_project/install/orbbec_camera_msgs/include/orbbec_camera_msgs/orbbec_camera_msgs/msg
[12.964s] -- Installing: /home/mia/data/Project_Backup/cylinder_project/install/orbbec_camera_msgs/include/orbbec_camera_msgs/orbbec_camera_msgs/msg/rosidl_typesupport_fastrtps_cpp__visibility_control.h
[12.964s] -- Up-to-date: /home/mia/data/Project_Backup/cylinder_project/install/orbbec_camera_msgs/include/orbbec_camera_msgs/orbbec_camera_msgs/msg/detail
[12.964s] -- Installing: /home/mia/data/Project_Backup/cylinder_project/install/orbbec_camera_msgs/include/orbbec_camera_msgs/orbbec_camera_msgs/msg/detail/imu_info__rosidl_typesupport_fastrtps_cpp.hpp
[12.964s] -- Installing: /home/mia/data/Project_Backup/cylinder_project/install/orbbec_camera_msgs/include/orbbec_camera_msgs/orbbec_camera_msgs/msg/detail/metadata__rosidl_typesupport_fastrtps_cpp.hpp
[12.964s] -- Installing: /home/mia/data/Project_Backup/cylinder_project/install/orbbec_camera_msgs/include/orbbec_camera_msgs/orbbec_camera_msgs/msg/detail/depth_filter_param__rosidl_typesupport_fastrtps_cpp.hpp
[12.964s] -- Installing: /home/mia/data/Project_Backup/cylinder_project/install/orbbec_camera_msgs/include/orbbec_camera_msgs/orbbec_camera_msgs/msg/detail/extrinsics__rosidl_typesupport_fastrtps_cpp.hpp
[12.964s] -- Installing: /home/mia/data/Project_Backup/cylinder_project/install/orbbec_camera_msgs/include/orbbec_camera_msgs/orbbec_camera_msgs/msg/detail/depth_filter_state__rosidl_typesupport_fastrtps_cpp.hpp
[12.964s] -- Installing: /home/mia/data/Project_Backup/cylinder_project/install/orbbec_camera_msgs/include/orbbec_camera_msgs/orbbec_camera_msgs/msg/detail/rgbd__rosidl_typesupport_fastrtps_cpp.hpp
[12.964s] -- Installing: /home/mia/data/Project_Backup/cylinder_project/install/orbbec_camera_msgs/include/orbbec_camera_msgs/orbbec_camera_msgs/msg/detail/device_info__rosidl_typesupport_fastrtps_cpp.hpp
[12.964s] -- Installing: /home/mia/data/Project_Backup/cylinder_project/install/orbbec_camera_msgs/include/orbbec_camera_msgs/orbbec_camera_msgs/msg/detail/stream_profile__rosidl_typesupport_fastrtps_cpp.hpp
[12.964s] -- Installing: /home/mia/data/Project_Backup/cylinder_project/install/orbbec_camera_msgs/include/orbbec_camera_msgs/orbbec_camera_msgs/msg/detail/depth_filters_status__rosidl_typesupport_fastrtps_cpp.hpp
[12.964s] -- Installing: /home/mia/data/Project_Backup/cylinder_project/install/orbbec_camera_msgs/include/orbbec_camera_msgs/orbbec_camera_msgs/msg/detail/dds_fastrtps
[12.964s] -- Installing: /home/mia/data/Project_Backup/cylinder_project/install/orbbec_camera_msgs/include/orbbec_camera_msgs/orbbec_camera_msgs/msg/detail/device_status__rosidl_typesupport_fastrtps_cpp.hpp
[12.965s] -- Up-to-date: /home/mia/data/Project_Backup/cylinder_project/install/orbbec_camera_msgs/include/orbbec_camera_msgs/orbbec_camera_msgs/srv
[12.965s] -- Up-to-date: /home/mia/data/Project_Backup/cylinder_project/install/orbbec_camera_msgs/include/orbbec_camera_msgs/orbbec_camera_msgs/srv/detail
[12.965s] -- Installing: /home/mia/data/Project_Backup/cylinder_project/install/orbbec_camera_msgs/include/orbbec_camera_msgs/orbbec_camera_msgs/srv/detail/get_bool__rosidl_typesupport_fastrtps_cpp.hpp
[12.965s] -- Installing: /home/mia/data/Project_Backup/cylinder_project/install/orbbec_camera_msgs/include/orbbec_camera_msgs/orbbec_camera_msgs/srv/detail/set_arrays__rosidl_typesupport_fastrtps_cpp.hpp
[12.965s] -- Installing: /home/mia/data/Project_Backup/cylinder_project/install/orbbec_camera_msgs/include/orbbec_camera_msgs/orbbec_camera_msgs/srv/detail/set_string__rosidl_typesupport_fastrtps_cpp.hpp
[12.965s] -- Installing: /home/mia/data/Project_Backup/cylinder_project/install/orbbec_camera_msgs/include/orbbec_camera_msgs/orbbec_camera_msgs/srv/detail/get_user_calib_params__rosidl_typesupport_fastrtps_cpp.hpp
[12.965s] -- Installing: /home/mia/data/Project_Backup/cylinder_project/install/orbbec_camera_msgs/include/orbbec_camera_msgs/orbbec_camera_msgs/srv/detail/get_device_config__rosidl_typesupport_fastrtps_cpp.hpp
[12.965s] -- Installing: /home/mia/data/Project_Backup/cylinder_project/install/orbbec_camera_msgs/include/orbbec_camera_msgs/orbbec_camera_msgs/srv/detail/dds_fastrtps
[12.965s] -- Installing: /home/mia/data/Project_Backup/cylinder_project/install/orbbec_camera_msgs/include/orbbec_camera_msgs/orbbec_camera_msgs/srv/detail/get_camera_info__rosidl_typesupport_fastrtps_cpp.hpp
[12.965s] -- Installing: /home/mia/data/Project_Backup/cylinder_project/install/orbbec_camera_msgs/include/orbbec_camera_msgs/orbbec_camera_msgs/srv/detail/get_device_info__rosidl_typesupport_fastrtps_cpp.hpp
[12.965s] -- Installing: /home/mia/data/Project_Backup/cylinder_project/install/orbbec_camera_msgs/include/orbbec_camera_msgs/orbbec_camera_msgs/srv/detail/get_int32__rosidl_typesupport_fastrtps_cpp.hpp
[12.965s] -- Installing: /home/mia/data/Project_Backup/cylinder_project/install/orbbec_camera_msgs/include/orbbec_camera_msgs/orbbec_camera_msgs/srv/detail/set_int32__rosidl_typesupport_fastrtps_cpp.hpp
[12.965s] -- Installing: /home/mia/data/Project_Backup/cylinder_project/install/orbbec_camera_msgs/include/orbbec_camera_msgs/orbbec_camera_msgs/srv/detail/set_stream_profile__rosidl_typesupport_fastrtps_cpp.hpp
[12.966s] -- Installing: /home/mia/data/Project_Backup/cylinder_project/install/orbbec_camera_msgs/include/orbbec_camera_msgs/orbbec_camera_msgs/srv/detail/set_filter__rosidl_typesupport_fastrtps_cpp.hpp
[12.966s] -- Installing: /home/mia/data/Project_Backup/cylinder_project/install/orbbec_camera_msgs/include/orbbec_camera_msgs/orbbec_camera_msgs/srv/detail/set_bag_recording__rosidl_typesupport_fastrtps_cpp.hpp
[12.966s] -- Installing: /home/mia/data/Project_Backup/cylinder_project/install/orbbec_camera_msgs/include/orbbec_camera_msgs/orbbec_camera_msgs/srv/detail/set_user_calib_params__rosidl_typesupport_fastrtps_cpp.hpp
[12.966s] -- Installing: /home/mia/data/Project_Backup/cylinder_project/install/orbbec_camera_msgs/include/orbbec_camera_msgs/orbbec_camera_msgs/srv/detail/get_string__rosidl_typesupport_fastrtps_cpp.hpp
[12.966s] -- Installing: /home/mia/data/Project_Backup/cylinder_project/install/orbbec_camera_msgs/lib/liborbbec_camera_msgs__rosidl_typesupport_fastrtps_cpp.so
[12.966s] -- Set runtime path of "/home/mia/data/Project_Backup/cylinder_project/install/orbbec_camera_msgs/lib/liborbbec_camera_msgs__rosidl_typesupport_fastrtps_cpp.so" to ""
[12.966s] -- Up-to-date: /home/mia/data/Project_Backup/cylinder_project/install/orbbec_camera_msgs/include/orbbec_camera_msgs/orbbec_camera_msgs
[12.967s] -- Up-to-date: /home/mia/data/Project_Backup/cylinder_project/install/orbbec_camera_msgs/include/orbbec_camera_msgs/orbbec_camera_msgs/msg
[12.967s] -- Up-to-date: /home/mia/data/Project_Backup/cylinder_project/install/orbbec_camera_msgs/include/orbbec_camera_msgs/orbbec_camera_msgs/msg/detail
[12.967s] -- Installing: /home/mia/data/Project_Backup/cylinder_project/install/orbbec_camera_msgs/include/orbbec_camera_msgs/orbbec_camera_msgs/msg/detail/device_info__type_support.cpp
[12.967s] -- Installing: /home/mia/data/Project_Backup/cylinder_project/install/orbbec_camera_msgs/include/orbbec_camera_msgs/orbbec_camera_msgs/msg/detail/stream_profile__rosidl_typesupport_introspection_cpp.hpp
[12.967s] -- Installing: /home/mia/data/Project_Backup/cylinder_project/install/orbbec_camera_msgs/include/orbbec_camera_msgs/orbbec_camera_msgs/msg/detail/imu_info__rosidl_typesupport_introspection_cpp.hpp
[12.967s] -- Installing: /home/mia/data/Project_Backup/cylinder_project/install/orbbec_camera_msgs/include/orbbec_camera_msgs/orbbec_camera_msgs/msg/detail/depth_filter_param__rosidl_typesupport_introspection_cpp.hpp
[12.967s] -- Installing: /home/mia/data/Project_Backup/cylinder_project/install/orbbec_camera_msgs/include/orbbec_camera_msgs/orbbec_camera_msgs/msg/detail/device_info__rosidl_typesupport_introspection_cpp.hpp
[12.967s] -- Installing: /home/mia/data/Project_Backup/cylinder_project/install/orbbec_camera_msgs/include/orbbec_camera_msgs/orbbec_camera_msgs/msg/detail/rgbd__type_support.cpp
[12.967s] -- Installing: /home/mia/data/Project_Backup/cylinder_project/install/orbbec_camera_msgs/include/orbbec_camera_msgs/orbbec_camera_msgs/msg/detail/extrinsics__rosidl_typesupport_introspection_cpp.hpp
[12.967s] -- Installing: /home/mia/data/Project_Backup/cylinder_project/install/orbbec_camera_msgs/include/orbbec_camera_msgs/orbbec_camera_msgs/msg/detail/depth_filter_state__type_support.cpp
[12.967s] -- Installing: /home/mia/data/Project_Backup/cylinder_project/install/orbbec_camera_msgs/include/orbbec_camera_msgs/orbbec_camera_msgs/msg/detail/metadata__rosidl_typesupport_introspection_cpp.hpp
[12.967s] -- Installing: /home/mia/data/Project_Backup/cylinder_project/install/orbbec_camera_msgs/include/orbbec_camera_msgs/orbbec_camera_msgs/msg/detail/depth_filters_status__rosidl_typesupport_introspection_cpp.hpp
[12.967s] -- Installing: /home/mia/data/Project_Backup/cylinder_project/install/orbbec_camera_msgs/include/orbbec_camera_msgs/orbbec_camera_msgs/msg/detail/device_status__rosidl_typesupport_introspection_cpp.hpp
[12.967s] -- Installing: /home/mia/data/Project_Backup/cylinder_project/install/orbbec_camera_msgs/include/orbbec_camera_msgs/orbbec_camera_msgs/msg/detail/metadata__type_support.cpp
[12.967s] -- Installing: /home/mia/data/Project_Backup/cylinder_project/install/orbbec_camera_msgs/include/orbbec_camera_msgs/orbbec_camera_msgs/msg/detail/depth_filters_status__type_support.cpp
[12.968s] -- Installing: /home/mia/data/Project_Backup/cylinder_project/install/orbbec_camera_msgs/include/orbbec_camera_msgs/orbbec_camera_msgs/msg/detail/imu_info__type_support.cpp
[12.968s] -- Installing: /home/mia/data/Project_Backup/cylinder_project/install/orbbec_camera_msgs/include/orbbec_camera_msgs/orbbec_camera_msgs/msg/detail/stream_profile__type_support.cpp
[12.968s] -- Installing: /home/mia/data/Project_Backup/cylinder_project/install/orbbec_camera_msgs/include/orbbec_camera_msgs/orbbec_camera_msgs/msg/detail/extrinsics__type_support.cpp
[12.968s] -- Installing: /home/mia/data/Project_Backup/cylinder_project/install/orbbec_camera_msgs/include/orbbec_camera_msgs/orbbec_camera_msgs/msg/detail/rgbd__rosidl_typesupport_introspection_cpp.hpp
[12.968s] -- Installing: /home/mia/data/Project_Backup/cylinder_project/install/orbbec_camera_msgs/include/orbbec_camera_msgs/orbbec_camera_msgs/msg/detail/device_status__type_support.cpp
[12.968s] -- Installing: /home/mia/data/Project_Backup/cylinder_project/install/orbbec_camera_msgs/include/orbbec_camera_msgs/orbbec_camera_msgs/msg/detail/depth_filter_param__type_support.cpp
[12.968s] -- Installing: /home/mia/data/Project_Backup/cylinder_project/install/orbbec_camera_msgs/include/orbbec_camera_msgs/orbbec_camera_msgs/msg/detail/depth_filter_state__rosidl_typesupport_introspection_cpp.hpp
[12.968s] -- Up-to-date: /home/mia/data/Project_Backup/cylinder_project/install/orbbec_camera_msgs/include/orbbec_camera_msgs/orbbec_camera_msgs/srv
[12.968s] -- Up-to-date: /home/mia/data/Project_Backup/cylinder_project/install/orbbec_camera_msgs/include/orbbec_camera_msgs/orbbec_camera_msgs/srv/detail
[12.968s] -- Installing: /home/mia/data/Project_Backup/cylinder_project/install/orbbec_camera_msgs/include/orbbec_camera_msgs/orbbec_camera_msgs/srv/detail/get_bool__type_support.cpp
[12.968s] -- Installing: /home/mia/data/Project_Backup/cylinder_project/install/orbbec_camera_msgs/include/orbbec_camera_msgs/orbbec_camera_msgs/srv/detail/set_arrays__rosidl_typesupport_introspection_cpp.hpp
[12.968s] -- Installing: /home/mia/data/Project_Backup/cylinder_project/install/orbbec_camera_msgs/include/orbbec_camera_msgs/orbbec_camera_msgs/srv/detail/get_string__type_support.cpp
[12.968s] -- Installing: /home/mia/data/Project_Backup/cylinder_project/install/orbbec_camera_msgs/include/orbbec_camera_msgs/orbbec_camera_msgs/srv/detail/get_string__rosidl_typesupport_introspection_cpp.hpp
[12.969s] -- Installing: /home/mia/data/Project_Backup/cylinder_project/install/orbbec_camera_msgs/include/orbbec_camera_msgs/orbbec_camera_msgs/srv/detail/set_filter__type_support.cpp
[12.969s] -- Installing: /home/mia/data/Project_Backup/cylinder_project/install/orbbec_camera_msgs/include/orbbec_camera_msgs/orbbec_camera_msgs/srv/detail/get_camera_info__rosidl_typesupport_introspection_cpp.hpp
[12.969s] -- Installing: /home/mia/data/Project_Backup/cylinder_project/install/orbbec_camera_msgs/include/orbbec_camera_msgs/orbbec_camera_msgs/srv/detail/set_stream_profile__rosidl_typesupport_introspection_cpp.hpp
[12.969s] -- Installing: /home/mia/data/Project_Backup/cylinder_project/install/orbbec_camera_msgs/include/orbbec_camera_msgs/orbbec_camera_msgs/srv/detail/set_string__type_support.cpp
[12.969s] -- Installing: /home/mia/data/Project_Backup/cylinder_project/install/orbbec_camera_msgs/include/orbbec_camera_msgs/orbbec_camera_msgs/srv/detail/set_user_calib_params__type_support.cpp
[12.969s] -- Installing: /home/mia/data/Project_Backup/cylinder_project/install/orbbec_camera_msgs/include/orbbec_camera_msgs/orbbec_camera_msgs/srv/detail/set_string__rosidl_typesupport_introspection_cpp.hpp
[12.969s] -- Installing: /home/mia/data/Project_Backup/cylinder_project/install/orbbec_camera_msgs/include/orbbec_camera_msgs/orbbec_camera_msgs/srv/detail/set_arrays__type_support.cpp
[12.969s] -- Installing: /home/mia/data/Project_Backup/cylinder_project/install/orbbec_camera_msgs/include/orbbec_camera_msgs/orbbec_camera_msgs/srv/detail/get_user_calib_params__type_support.cpp
[12.969s] -- Installing: /home/mia/data/Project_Backup/cylinder_project/install/orbbec_camera_msgs/include/orbbec_camera_msgs/orbbec_camera_msgs/srv/detail/set_user_calib_params__rosidl_typesupport_introspection_cpp.hpp
[12.969s] -- Installing: /home/mia/data/Project_Backup/cylinder_project/install/orbbec_camera_msgs/include/orbbec_camera_msgs/orbbec_camera_msgs/srv/detail/get_device_info__rosidl_typesupport_introspection_cpp.hpp
[12.969s] -- Installing: /home/mia/data/Project_Backup/cylinder_project/install/orbbec_camera_msgs/include/orbbec_camera_msgs/orbbec_camera_msgs/srv/detail/set_filter__rosidl_typesupport_introspection_cpp.hpp
[12.970s] -- Installing: /home/mia/data/Project_Backup/cylinder_project/install/orbbec_camera_msgs/include/orbbec_camera_msgs/orbbec_camera_msgs/srv/detail/get_int32__rosidl_typesupport_introspection_cpp.hpp
[12.970s] -- Installing: /home/mia/data/Project_Backup/cylinder_project/install/orbbec_camera_msgs/include/orbbec_camera_msgs/orbbec_camera_msgs/srv/detail/set_bag_recording__type_support.cpp
[12.970s] -- Installing: /home/mia/data/Project_Backup/cylinder_project/install/orbbec_camera_msgs/include/orbbec_camera_msgs/orbbec_camera_msgs/srv/detail/get_device_info__type_support.cpp
[12.970s] -- Installing: /home/mia/data/Project_Backup/cylinder_project/install/orbbec_camera_msgs/include/orbbec_camera_msgs/orbbec_camera_msgs/srv/detail/set_bag_recording__rosidl_typesupport_introspection_cpp.hpp
[12.970s] -- Installing: /home/mia/data/Project_Backup/cylinder_project/install/orbbec_camera_msgs/include/orbbec_camera_msgs/orbbec_camera_msgs/srv/detail/set_int32__type_support.cpp
[12.970s] -- Installing: /home/mia/data/Project_Backup/cylinder_project/install/orbbec_camera_msgs/include/orbbec_camera_msgs/orbbec_camera_msgs/srv/detail/set_stream_profile__type_support.cpp
[12.970s] -- Installing: /home/mia/data/Project_Backup/cylinder_project/install/orbbec_camera_msgs/include/orbbec_camera_msgs/orbbec_camera_msgs/srv/detail/get_device_config__rosidl_typesupport_introspection_cpp.hpp
[12.970s] -- Installing: /home/mia/data/Project_Backup/cylinder_project/install/orbbec_camera_msgs/include/orbbec_camera_msgs/orbbec_camera_msgs/srv/detail/get_user_calib_params__rosidl_typesupport_introspection_cpp.hpp
[12.970s] -- Installing: /home/mia/data/Project_Backup/cylinder_project/install/orbbec_camera_msgs/include/orbbec_camera_msgs/orbbec_camera_msgs/srv/detail/get_bool__rosidl_typesupport_introspection_cpp.hpp
[12.970s] -- Installing: /home/mia/data/Project_Backup/cylinder_project/install/orbbec_camera_msgs/include/orbbec_camera_msgs/orbbec_camera_msgs/srv/detail/set_int32__rosidl_typesupport_introspection_cpp.hpp
[12.970s] -- Installing: /home/mia/data/Project_Backup/cylinder_project/install/orbbec_camera_msgs/include/orbbec_camera_msgs/orbbec_camera_msgs/srv/detail/get_device_config__type_support.cpp
[12.970s] -- Installing: /home/mia/data/Project_Backup/cylinder_project/install/orbbec_camera_msgs/include/orbbec_camera_msgs/orbbec_camera_msgs/srv/detail/get_camera_info__type_support.cpp
[12.971s] -- Installing: /home/mia/data/Project_Backup/cylinder_project/install/orbbec_camera_msgs/include/orbbec_camera_msgs/orbbec_camera_msgs/srv/detail/get_int32__type_support.cpp
[12.971s] -- Installing: /home/mia/data/Project_Backup/cylinder_project/install/orbbec_camera_msgs/lib/liborbbec_camera_msgs__rosidl_typesupport_introspection_cpp.so
[12.971s] -- Set runtime path of "/home/mia/data/Project_Backup/cylinder_project/install/orbbec_camera_msgs/lib/liborbbec_camera_msgs__rosidl_typesupport_introspection_cpp.so" to ""
[12.971s] -- Installing: /home/mia/data/Project_Backup/cylinder_project/install/orbbec_camera_msgs/lib/liborbbec_camera_msgs__rosidl_typesupport_cpp.so
[12.972s] -- Set runtime path of "/home/mia/data/Project_Backup/cylinder_project/install/orbbec_camera_msgs/lib/liborbbec_camera_msgs__rosidl_typesupport_cpp.so" to ""
[12.972s] -- Installing: /home/mia/data/Project_Backup/cylinder_project/install/orbbec_camera_msgs/share/orbbec_camera_msgs/environment/pythonpath.sh
[12.972s] -- Installing: /home/mia/data/Project_Backup/cylinder_project/install/orbbec_camera_msgs/share/orbbec_camera_msgs/environment/pythonpath.dsv
[12.972s] -- Installing: /home/mia/data/Project_Backup/cylinder_project/install/orbbec_camera_msgs/local/lib/python3.10/dist-packages/orbbec_camera_msgs-2.9.3-py3.10.egg-info
[12.972s] -- Installing: /home/mia/data/Project_Backup/cylinder_project/install/orbbec_camera_msgs/local/lib/python3.10/dist-packages/orbbec_camera_msgs-2.9.3-py3.10.egg-info/PKG-INFO
[12.972s] -- Installing: /home/mia/data/Project_Backup/cylinder_project/install/orbbec_camera_msgs/local/lib/python3.10/dist-packages/orbbec_camera_msgs-2.9.3-py3.10.egg-info/top_level.txt
[12.972s] -- Installing: /home/mia/data/Project_Backup/cylinder_project/install/orbbec_camera_msgs/local/lib/python3.10/dist-packages/orbbec_camera_msgs-2.9.3-py3.10.egg-info/SOURCES.txt
[12.972s] -- Installing: /home/mia/data/Project_Backup/cylinder_project/install/orbbec_camera_msgs/local/lib/python3.10/dist-packages/orbbec_camera_msgs-2.9.3-py3.10.egg-info/dependency_links.txt
[12.972s] -- Installing: /home/mia/data/Project_Backup/cylinder_project/install/orbbec_camera_msgs/local/lib/python3.10/dist-packages/orbbec_camera_msgs
[12.972s] -- Installing: /home/mia/data/Project_Backup/cylinder_project/install/orbbec_camera_msgs/local/lib/python3.10/dist-packages/orbbec_camera_msgs/__init__.py
[12.972s] -- Installing: /home/mia/data/Project_Backup/cylinder_project/install/orbbec_camera_msgs/local/lib/python3.10/dist-packages/orbbec_camera_msgs/orbbec_camera_msgs_s__rosidl_typesupport_introspection_c.cpython-310-x86_64-linux-gnu.so
[12.973s] -- Installing: /home/mia/data/Project_Backup/cylinder_project/install/orbbec_camera_msgs/local/lib/python3.10/dist-packages/orbbec_camera_msgs/orbbec_camera_msgs_s__rosidl_typesupport_fastrtps_c.cpython-310-x86_64-linux-gnu.so
[12.973s] -- Installing: /home/mia/data/Project_Backup/cylinder_project/install/orbbec_camera_msgs/local/lib/python3.10/dist-packages/orbbec_camera_msgs/liborbbec_camera_msgs__rosidl_generator_py.so
[12.973s] -- Installing: /home/mia/data/Project_Backup/cylinder_project/install/orbbec_camera_msgs/local/lib/python3.10/dist-packages/orbbec_camera_msgs/_orbbec_camera_msgs_s.ep.rosidl_typesupport_fastrtps_c.c
[12.973s] -- Installing: /home/mia/data/Project_Backup/cylinder_project/install/orbbec_camera_msgs/local/lib/python3.10/dist-packages/orbbec_camera_msgs/_orbbec_camera_msgs_s.ep.rosidl_typesupport_c.c
[12.973s] -- Installing: /home/mia/data/Project_Backup/cylinder_project/install/orbbec_camera_msgs/local/lib/python3.10/dist-packages/orbbec_camera_msgs/_orbbec_camera_msgs_s.ep.rosidl_typesupport_introspection_c.c
[12.974s] -- Installing: /home/mia/data/Project_Backup/cylinder_project/install/orbbec_camera_msgs/local/lib/python3.10/dist-packages/orbbec_camera_msgs/msg
[12.974s] -- Installing: /home/mia/data/Project_Backup/cylinder_project/install/orbbec_camera_msgs/local/lib/python3.10/dist-packages/orbbec_camera_msgs/msg/_depth_filter_state_s.c
[12.974s] -- Installing: /home/mia/data/Project_Backup/cylinder_project/install/orbbec_camera_msgs/local/lib/python3.10/dist-packages/orbbec_camera_msgs/msg/_depth_filter_state.py
[12.974s] -- Installing: /home/mia/data/Project_Backup/cylinder_project/install/orbbec_camera_msgs/local/lib/python3.10/dist-packages/orbbec_camera_msgs/msg/__init__.py
[12.974s] -- Installing: /home/mia/data/Project_Backup/cylinder_project/install/orbbec_camera_msgs/local/lib/python3.10/dist-packages/orbbec_camera_msgs/msg/_stream_profile_s.c
[12.974s] -- Installing: /home/mia/data/Project_Backup/cylinder_project/install/orbbec_camera_msgs/local/lib/python3.10/dist-packages/orbbec_camera_msgs/msg/_device_status.py
[12.974s] -- Installing: /home/mia/data/Project_Backup/cylinder_project/install/orbbec_camera_msgs/local/lib/python3.10/dist-packages/orbbec_camera_msgs/msg/_extrinsics_s.c
[12.974s] -- Installing: /home/mia/data/Project_Backup/cylinder_project/install/orbbec_camera_msgs/local/lib/python3.10/dist-packages/orbbec_camera_msgs/msg/_device_info.py
[12.974s] -- Installing: /home/mia/data/Project_Backup/cylinder_project/install/orbbec_camera_msgs/local/lib/python3.10/dist-packages/orbbec_camera_msgs/msg/_depth_filter_param_s.c
[12.974s] -- Installing: /home/mia/data/Project_Backup/cylinder_project/install/orbbec_camera_msgs/local/lib/python3.10/dist-packages/orbbec_camera_msgs/msg/_rgbd_s.c
[12.974s] -- Installing: /home/mia/data/Project_Backup/cylinder_project/install/orbbec_camera_msgs/local/lib/python3.10/dist-packages/orbbec_camera_msgs/msg/_imu_info_s.c
[12.974s] -- Installing: /home/mia/data/Project_Backup/cylinder_project/install/orbbec_camera_msgs/local/lib/python3.10/dist-packages/orbbec_camera_msgs/msg/_device_info_s.c
[12.975s] -- Installing: /home/mia/data/Project_Backup/cylinder_project/install/orbbec_camera_msgs/local/lib/python3.10/dist-packages/orbbec_camera_msgs/msg/_device_status_s.c
[12.975s] -- Installing: /home/mia/data/Project_Backup/cylinder_project/install/orbbec_camera_msgs/local/lib/python3.10/dist-packages/orbbec_camera_msgs/msg/_metadata_s.c
[12.975s] -- Installing: /home/mia/data/Project_Backup/cylinder_project/install/orbbec_camera_msgs/local/lib/python3.10/dist-packages/orbbec_camera_msgs/msg/_rgbd.py
[12.975s] -- Installing: /home/mia/data/Project_Backup/cylinder_project/install/orbbec_camera_msgs/local/lib/python3.10/dist-packages/orbbec_camera_msgs/msg/_depth_filters_status.py
[12.975s] -- Installing: /home/mia/data/Project_Backup/cylinder_project/install/orbbec_camera_msgs/local/lib/python3.10/dist-packages/orbbec_camera_msgs/msg/_depth_filters_status_s.c
[12.975s] -- Installing: /home/mia/data/Project_Backup/cylinder_project/install/orbbec_camera_msgs/local/lib/python3.10/dist-packages/orbbec_camera_msgs/msg/_extrinsics.py
[12.975s] -- Installing: /home/mia/data/Project_Backup/cylinder_project/install/orbbec_camera_msgs/local/lib/python3.10/dist-packages/orbbec_camera_msgs/msg/_depth_filter_param.py
[12.975s] -- Installing: /home/mia/data/Project_Backup/cylinder_project/install/orbbec_camera_msgs/local/lib/python3.10/dist-packages/orbbec_camera_msgs/msg/_imu_info.py
[12.975s] -- Installing: /home/mia/data/Project_Backup/cylinder_project/install/orbbec_camera_msgs/local/lib/python3.10/dist-packages/orbbec_camera_msgs/msg/_metadata.py
[12.975s] -- Installing: /home/mia/data/Project_Backup/cylinder_project/install/orbbec_camera_msgs/local/lib/python3.10/dist-packages/orbbec_camera_msgs/msg/_stream_profile.py
[12.975s] -- Installing: /home/mia/data/Project_Backup/cylinder_project/install/orbbec_camera_msgs/local/lib/python3.10/dist-packages/orbbec_camera_msgs/srv
[12.975s] -- Installing: /home/mia/data/Project_Backup/cylinder_project/install/orbbec_camera_msgs/local/lib/python3.10/dist-packages/orbbec_camera_msgs/srv/_get_camera_info_s.c
[12.976s] -- Installing: /home/mia/data/Project_Backup/cylinder_project/install/orbbec_camera_msgs/local/lib/python3.10/dist-packages/orbbec_camera_msgs/srv/_get_string_s.c
[12.976s] -- Installing: /home/mia/data/Project_Backup/cylinder_project/install/orbbec_camera_msgs/local/lib/python3.10/dist-packages/orbbec_camera_msgs/srv/__init__.py
[12.976s] -- Installing: /home/mia/data/Project_Backup/cylinder_project/install/orbbec_camera_msgs/local/lib/python3.10/dist-packages/orbbec_camera_msgs/srv/_set_user_calib_params.py
[12.976s] -- Installing: /home/mia/data/Project_Backup/cylinder_project/install/orbbec_camera_msgs/local/lib/python3.10/dist-packages/orbbec_camera_msgs/srv/_get_device_config_s.c
[12.976s] -- Installing: /home/mia/data/Project_Backup/cylinder_project/install/orbbec_camera_msgs/local/lib/python3.10/dist-packages/orbbec_camera_msgs/srv/_set_int32.py
[12.976s] -- Installing: /home/mia/data/Project_Backup/cylinder_project/install/orbbec_camera_msgs/local/lib/python3.10/dist-packages/orbbec_camera_msgs/srv/_set_bag_recording.py
[12.976s] -- Installing: /home/mia/data/Project_Backup/cylinder_project/install/orbbec_camera_msgs/local/lib/python3.10/dist-packages/orbbec_camera_msgs/srv/_set_arrays.py
[12.976s] -- Installing: /home/mia/data/Project_Backup/cylinder_project/install/orbbec_camera_msgs/local/lib/python3.10/dist-packages/orbbec_camera_msgs/srv/_get_int32.py
[12.976s] -- Installing: /home/mia/data/Project_Backup/cylinder_project/install/orbbec_camera_msgs/local/lib/python3.10/dist-packages/orbbec_camera_msgs/srv/_set_filter.py
[12.976s] -- Installing: /home/mia/data/Project_Backup/cylinder_project/install/orbbec_camera_msgs/local/lib/python3.10/dist-packages/orbbec_camera_msgs/srv/_set_bag_recording_s.c
[12.976s] -- Installing: /home/mia/data/Project_Backup/cylinder_project/install/orbbec_camera_msgs/local/lib/python3.10/dist-packages/orbbec_camera_msgs/srv/_set_stream_profile_s.c
[12.976s] -- Installing: /home/mia/data/Project_Backup/cylinder_project/install/orbbec_camera_msgs/local/lib/python3.10/dist-packages/orbbec_camera_msgs/srv/_set_stream_profile.py
[12.977s] -- Installing: /home/mia/data/Project_Backup/cylinder_project/install/orbbec_camera_msgs/local/lib/python3.10/dist-packages/orbbec_camera_msgs/srv/_get_bool.py
[12.977s] -- Installing: /home/mia/data/Project_Backup/cylinder_project/install/orbbec_camera_msgs/local/lib/python3.10/dist-packages/orbbec_camera_msgs/srv/_get_user_calib_params.py
[12.977s] -- Installing: /home/mia/data/Project_Backup/cylinder_project/install/orbbec_camera_msgs/local/lib/python3.10/dist-packages/orbbec_camera_msgs/srv/_set_arrays_s.c
[12.977s] -- Installing: /home/mia/data/Project_Backup/cylinder_project/install/orbbec_camera_msgs/local/lib/python3.10/dist-packages/orbbec_camera_msgs/srv/_set_string.py
[12.977s] -- Installing: /home/mia/data/Project_Backup/cylinder_project/install/orbbec_camera_msgs/local/lib/python3.10/dist-packages/orbbec_camera_msgs/srv/_get_camera_info.py
[12.977s] -- Installing: /home/mia/data/Project_Backup/cylinder_project/install/orbbec_camera_msgs/local/lib/python3.10/dist-packages/orbbec_camera_msgs/srv/_get_string.py
[12.977s] -- Installing: /home/mia/data/Project_Backup/cylinder_project/install/orbbec_camera_msgs/local/lib/python3.10/dist-packages/orbbec_camera_msgs/srv/_get_user_calib_params_s.c
[12.977s] -- Installing: /home/mia/data/Project_Backup/cylinder_project/install/orbbec_camera_msgs/local/lib/python3.10/dist-packages/orbbec_camera_msgs/srv/_set_string_s.c
[12.977s] -- Installing: /home/mia/data/Project_Backup/cylinder_project/install/orbbec_camera_msgs/local/lib/python3.10/dist-packages/orbbec_camera_msgs/srv/_get_int32_s.c
[12.977s] -- Installing: /home/mia/data/Project_Backup/cylinder_project/install/orbbec_camera_msgs/local/lib/python3.10/dist-packages/orbbec_camera_msgs/srv/_get_bool_s.c
[12.977s] -- Installing: /home/mia/data/Project_Backup/cylinder_project/install/orbbec_camera_msgs/local/lib/python3.10/dist-packages/orbbec_camera_msgs/srv/_get_device_info_s.c
[12.978s] -- Installing: /home/mia/data/Project_Backup/cylinder_project/install/orbbec_camera_msgs/local/lib/python3.10/dist-packages/orbbec_camera_msgs/srv/_get_device_config.py
[12.978s] -- Installing: /home/mia/data/Project_Backup/cylinder_project/install/orbbec_camera_msgs/local/lib/python3.10/dist-packages/orbbec_camera_msgs/srv/_set_int32_s.c
[12.978s] -- Installing: /home/mia/data/Project_Backup/cylinder_project/install/orbbec_camera_msgs/local/lib/python3.10/dist-packages/orbbec_camera_msgs/srv/_get_device_info.py
[12.978s] -- Installing: /home/mia/data/Project_Backup/cylinder_project/install/orbbec_camera_msgs/local/lib/python3.10/dist-packages/orbbec_camera_msgs/srv/_set_user_calib_params_s.c
[12.978s] -- Installing: /home/mia/data/Project_Backup/cylinder_project/install/orbbec_camera_msgs/local/lib/python3.10/dist-packages/orbbec_camera_msgs/srv/_set_filter_s.c
[12.978s] -- Installing: /home/mia/data/Project_Backup/cylinder_project/install/orbbec_camera_msgs/local/lib/python3.10/dist-packages/orbbec_camera_msgs/orbbec_camera_msgs_s__rosidl_typesupport_c.cpython-310-x86_64-linux-gnu.so
[13.038s] Listing '/home/mia/data/Project_Backup/cylinder_project/install/orbbec_camera_msgs/local/lib/python3.10/dist-packages/orbbec_camera_msgs'...
[13.038s] Compiling '/home/mia/data/Project_Backup/cylinder_project/install/orbbec_camera_msgs/local/lib/python3.10/dist-packages/orbbec_camera_msgs/__init__.py'...
[13.038s] Listing '/home/mia/data/Project_Backup/cylinder_project/install/orbbec_camera_msgs/local/lib/python3.10/dist-packages/orbbec_camera_msgs/msg'...
[13.038s] Compiling '/home/mia/data/Project_Backup/cylinder_project/install/orbbec_camera_msgs/local/lib/python3.10/dist-packages/orbbec_camera_msgs/msg/__init__.py'...
[13.038s] Compiling '/home/mia/data/Project_Backup/cylinder_project/install/orbbec_camera_msgs/local/lib/python3.10/dist-packages/orbbec_camera_msgs/msg/_depth_filter_param.py'...
[13.038s] Compiling '/home/mia/data/Project_Backup/cylinder_project/install/orbbec_camera_msgs/local/lib/python3.10/dist-packages/orbbec_camera_msgs/msg/_depth_filter_state.py'...
[13.038s] Compiling '/home/mia/data/Project_Backup/cylinder_project/install/orbbec_camera_msgs/local/lib/python3.10/dist-packages/orbbec_camera_msgs/msg/_depth_filters_status.py'...
[13.038s] Compiling '/home/mia/data/Project_Backup/cylinder_project/install/orbbec_camera_msgs/local/lib/python3.10/dist-packages/orbbec_camera_msgs/msg/_device_info.py'...
[13.038s] Compiling '/home/mia/data/Project_Backup/cylinder_project/install/orbbec_camera_msgs/local/lib/python3.10/dist-packages/orbbec_camera_msgs/msg/_device_status.py'...
[13.038s] Compiling '/home/mia/data/Project_Backup/cylinder_project/install/orbbec_camera_msgs/local/lib/python3.10/dist-packages/orbbec_camera_msgs/msg/_extrinsics.py'...
[13.038s] Compiling '/home/mia/data/Project_Backup/cylinder_project/install/orbbec_camera_msgs/local/lib/python3.10/dist-packages/orbbec_camera_msgs/msg/_imu_info.py'...
[13.038s] Compiling '/home/mia/data/Project_Backup/cylinder_project/install/orbbec_camera_msgs/local/lib/python3.10/dist-packages/orbbec_camera_msgs/msg/_metadata.py'...
[13.038s] Compiling '/home/mia/data/Project_Backup/cylinder_project/install/orbbec_camera_msgs/local/lib/python3.10/dist-packages/orbbec_camera_msgs/msg/_rgbd.py'...
[13.038s] Compiling '/home/mia/data/Project_Backup/cylinder_project/install/orbbec_camera_msgs/local/lib/python3.10/dist-packages/orbbec_camera_msgs/msg/_stream_profile.py'...
[13.038s] Listing '/home/mia/data/Project_Backup/cylinder_project/install/orbbec_camera_msgs/local/lib/python3.10/dist-packages/orbbec_camera_msgs/srv'...
[13.039s] Compiling '/home/mia/data/Project_Backup/cylinder_project/install/orbbec_camera_msgs/local/lib/python3.10/dist-packages/orbbec_camera_msgs/srv/__init__.py'...
[13.039s] Compiling '/home/mia/data/Project_Backup/cylinder_project/install/orbbec_camera_msgs/local/lib/python3.10/dist-packages/orbbec_camera_msgs/srv/_get_bool.py'...
[13.039s] Compiling '/home/mia/data/Project_Backup/cylinder_project/install/orbbec_camera_msgs/local/lib/python3.10/dist-packages/orbbec_camera_msgs/srv/_get_camera_info.py'...
[13.039s] Compiling '/home/mia/data/Project_Backup/cylinder_project/install/orbbec_camera_msgs/local/lib/python3.10/dist-packages/orbbec_camera_msgs/srv/_get_device_config.py'...
[13.039s] Compiling '/home/mia/data/Project_Backup/cylinder_project/install/orbbec_camera_msgs/local/lib/python3.10/dist-packages/orbbec_camera_msgs/srv/_get_device_info.py'...
[13.039s] Compiling '/home/mia/data/Project_Backup/cylinder_project/install/orbbec_camera_msgs/local/lib/python3.10/dist-packages/orbbec_camera_msgs/srv/_get_int32.py'...
[13.039s] Compiling '/home/mia/data/Project_Backup/cylinder_project/install/orbbec_camera_msgs/local/lib/python3.10/dist-packages/orbbec_camera_msgs/srv/_get_string.py'...
[13.039s] Compiling '/home/mia/data/Project_Backup/cylinder_project/install/orbbec_camera_msgs/local/lib/python3.10/dist-packages/orbbec_camera_msgs/srv/_get_user_calib_params.py'...
[13.039s] Compiling '/home/mia/data/Project_Backup/cylinder_project/install/orbbec_camera_msgs/local/lib/python3.10/dist-packages/orbbec_camera_msgs/srv/_set_arrays.py'...
[13.039s] Compiling '/home/mia/data/Project_Backup/cylinder_project/install/orbbec_camera_msgs/local/lib/python3.10/dist-packages/orbbec_camera_msgs/srv/_set_bag_recording.py'...
[13.039s] Compiling '/home/mia/data/Project_Backup/cylinder_project/install/orbbec_camera_msgs/local/lib/python3.10/dist-packages/orbbec_camera_msgs/srv/_set_filter.py'...
[13.039s] Compiling '/home/mia/data/Project_Backup/cylinder_project/install/orbbec_camera_msgs/local/lib/python3.10/dist-packages/orbbec_camera_msgs/srv/_set_int32.py'...
[13.039s] Compiling '/home/mia/data/Project_Backup/cylinder_project/install/orbbec_camera_msgs/local/lib/python3.10/dist-packages/orbbec_camera_msgs/srv/_set_stream_profile.py'...
[13.039s] Compiling '/home/mia/data/Project_Backup/cylinder_project/install/orbbec_camera_msgs/local/lib/python3.10/dist-packages/orbbec_camera_msgs/srv/_set_string.py'...
[13.039s] Compiling '/home/mia/data/Project_Backup/cylinder_project/install/orbbec_camera_msgs/local/lib/python3.10/dist-packages/orbbec_camera_msgs/srv/_set_user_calib_params.py'...
[13.042s] -- Installing: /home/mia/data/Project_Backup/cylinder_project/install/orbbec_camera_msgs/local/lib/python3.10/dist-packages/orbbec_camera_msgs/orbbec_camera_msgs_s__rosidl_typesupport_fastrtps_c.cpython-310-x86_64-linux-gnu.so
[13.042s] -- Set runtime path of "/home/mia/data/Project_Backup/cylinder_project/install/orbbec_camera_msgs/local/lib/python3.10/dist-packages/orbbec_camera_msgs/orbbec_camera_msgs_s__rosidl_typesupport_fastrtps_c.cpython-310-x86_64-linux-gnu.so" to ""
[13.043s] -- Installing: /home/mia/data/Project_Backup/cylinder_project/install/orbbec_camera_msgs/local/lib/python3.10/dist-packages/orbbec_camera_msgs/orbbec_camera_msgs_s__rosidl_typesupport_introspection_c.cpython-310-x86_64-linux-gnu.so
[13.043s] -- Set runtime path of "/home/mia/data/Project_Backup/cylinder_project/install/orbbec_camera_msgs/local/lib/python3.10/dist-packages/orbbec_camera_msgs/orbbec_camera_msgs_s__rosidl_typesupport_introspection_c.cpython-310-x86_64-linux-gnu.so" to ""
[13.043s] -- Installing: /home/mia/data/Project_Backup/cylinder_project/install/orbbec_camera_msgs/local/lib/python3.10/dist-packages/orbbec_camera_msgs/orbbec_camera_msgs_s__rosidl_typesupport_c.cpython-310-x86_64-linux-gnu.so
[13.043s] -- Set runtime path of "/home/mia/data/Project_Backup/cylinder_project/install/orbbec_camera_msgs/local/lib/python3.10/dist-packages/orbbec_camera_msgs/orbbec_camera_msgs_s__rosidl_typesupport_c.cpython-310-x86_64-linux-gnu.so" to ""
[13.044s] -- Installing: /home/mia/data/Project_Backup/cylinder_project/install/orbbec_camera_msgs/lib/liborbbec_camera_msgs__rosidl_generator_py.so
[13.044s] -- Set runtime path of "/home/mia/data/Project_Backup/cylinder_project/install/orbbec_camera_msgs/lib/liborbbec_camera_msgs__rosidl_generator_py.so" to ""
[13.044s] -- Installing: /home/mia/data/Project_Backup/cylinder_project/install/orbbec_camera_msgs/share/orbbec_camera_msgs/msg/DeviceInfo.idl
[13.044s] -- Installing: /home/mia/data/Project_Backup/cylinder_project/install/orbbec_camera_msgs/share/orbbec_camera_msgs/msg/DeviceStatus.idl
[13.044s] -- Installing: /home/mia/data/Project_Backup/cylinder_project/install/orbbec_camera_msgs/share/orbbec_camera_msgs/msg/DepthFilterParam.idl
[13.045s] -- Installing: /home/mia/data/Project_Backup/cylinder_project/install/orbbec_camera_msgs/share/orbbec_camera_msgs/msg/DepthFilterState.idl
[13.045s] -- Installing: /home/mia/data/Project_Backup/cylinder_project/install/orbbec_camera_msgs/share/orbbec_camera_msgs/msg/DepthFiltersStatus.idl
[13.045s] -- Installing: /home/mia/data/Project_Backup/cylinder_project/install/orbbec_camera_msgs/share/orbbec_camera_msgs/msg/Extrinsics.idl
[13.045s] -- Installing: /home/mia/data/Project_Backup/cylinder_project/install/orbbec_camera_msgs/share/orbbec_camera_msgs/msg/Metadata.idl
[13.045s] -- Installing: /home/mia/data/Project_Backup/cylinder_project/install/orbbec_camera_msgs/share/orbbec_camera_msgs/msg/IMUInfo.idl
[13.045s] -- Installing: /home/mia/data/Project_Backup/cylinder_project/install/orbbec_camera_msgs/share/orbbec_camera_msgs/msg/RGBD.idl
[13.046s] -- Installing: /home/mia/data/Project_Backup/cylinder_project/install/orbbec_camera_msgs/share/orbbec_camera_msgs/msg/StreamProfile.idl
[13.046s] -- Installing: /home/mia/data/Project_Backup/cylinder_project/install/orbbec_camera_msgs/share/orbbec_camera_msgs/srv/GetBool.idl
[13.046s] -- Installing: /home/mia/data/Project_Backup/cylinder_project/install/orbbec_camera_msgs/share/orbbec_camera_msgs/srv/GetDeviceConfig.idl
[13.046s] -- Installing: /home/mia/data/Project_Backup/cylinder_project/install/orbbec_camera_msgs/share/orbbec_camera_msgs/srv/GetDeviceInfo.idl
[13.046s] -- Installing: /home/mia/data/Project_Backup/cylinder_project/install/orbbec_camera_msgs/share/orbbec_camera_msgs/srv/GetCameraInfo.idl
[13.047s] -- Installing: /home/mia/data/Project_Backup/cylinder_project/install/orbbec_camera_msgs/share/orbbec_camera_msgs/srv/GetInt32.idl
[13.047s] -- Installing: /home/mia/data/Project_Backup/cylinder_project/install/orbbec_camera_msgs/share/orbbec_camera_msgs/srv/GetString.idl
[13.047s] -- Installing: /home/mia/data/Project_Backup/cylinder_project/install/orbbec_camera_msgs/share/orbbec_camera_msgs/srv/SetFilter.idl
[13.047s] -- Installing: /home/mia/data/Project_Backup/cylinder_project/install/orbbec_camera_msgs/share/orbbec_camera_msgs/srv/SetInt32.idl
[13.047s] -- Installing: /home/mia/data/Project_Backup/cylinder_project/install/orbbec_camera_msgs/share/orbbec_camera_msgs/srv/SetString.idl
[13.047s] -- Installing: /home/mia/data/Project_Backup/cylinder_project/install/orbbec_camera_msgs/share/orbbec_camera_msgs/srv/SetArrays.idl
[13.048s] -- Installing: /home/mia/data/Project_Backup/cylinder_project/install/orbbec_camera_msgs/share/orbbec_camera_msgs/srv/GetUserCalibParams.idl
[13.048s] -- Installing: /home/mia/data/Project_Backup/cylinder_project/install/orbbec_camera_msgs/share/orbbec_camera_msgs/srv/SetUserCalibParams.idl
[13.048s] -- Installing: /home/mia/data/Project_Backup/cylinder_project/install/orbbec_camera_msgs/share/orbbec_camera_msgs/srv/SetBagRecording.idl
[13.048s] -- Installing: /home/mia/data/Project_Backup/cylinder_project/install/orbbec_camera_msgs/share/orbbec_camera_msgs/srv/SetStreamProfile.idl
[13.048s] -- Installing: /home/mia/data/Project_Backup/cylinder_project/install/orbbec_camera_msgs/share/orbbec_camera_msgs/msg/DeviceInfo.msg
[13.048s] -- Installing: /home/mia/data/Project_Backup/cylinder_project/install/orbbec_camera_msgs/share/orbbec_camera_msgs/msg/DeviceStatus.msg
[13.049s] -- Installing: /home/mia/data/Project_Backup/cylinder_project/install/orbbec_camera_msgs/share/orbbec_camera_msgs/msg/DepthFilterParam.msg
[13.049s] -- Installing: /home/mia/data/Project_Backup/cylinder_project/install/orbbec_camera_msgs/share/orbbec_camera_msgs/msg/DepthFilterState.msg
[13.049s] -- Installing: /home/mia/data/Project_Backup/cylinder_project/install/orbbec_camera_msgs/share/orbbec_camera_msgs/msg/DepthFiltersStatus.msg
[13.049s] -- Installing: /home/mia/data/Project_Backup/cylinder_project/install/orbbec_camera_msgs/share/orbbec_camera_msgs/msg/Extrinsics.msg
[13.049s] -- Installing: /home/mia/data/Project_Backup/cylinder_project/install/orbbec_camera_msgs/share/orbbec_camera_msgs/msg/Metadata.msg
[13.049s] -- Installing: /home/mia/data/Project_Backup/cylinder_project/install/orbbec_camera_msgs/share/orbbec_camera_msgs/msg/IMUInfo.msg
[13.050s] -- Installing: /home/mia/data/Project_Backup/cylinder_project/install/orbbec_camera_msgs/share/orbbec_camera_msgs/msg/RGBD.msg
[13.050s] -- Installing: /home/mia/data/Project_Backup/cylinder_project/install/orbbec_camera_msgs/share/orbbec_camera_msgs/msg/StreamProfile.msg
[13.050s] -- Installing: /home/mia/data/Project_Backup/cylinder_project/install/orbbec_camera_msgs/share/orbbec_camera_msgs/srv/GetBool.srv
[13.050s] -- Installing: /home/mia/data/Project_Backup/cylinder_project/install/orbbec_camera_msgs/share/orbbec_camera_msgs/srv/GetBool_Request.msg
[13.050s] -- Installing: /home/mia/data/Project_Backup/cylinder_project/install/orbbec_camera_msgs/share/orbbec_camera_msgs/srv/GetBool_Response.msg
[13.051s] -- Installing: /home/mia/data/Project_Backup/cylinder_project/install/orbbec_camera_msgs/share/orbbec_camera_msgs/srv/GetDeviceConfig.srv
[13.051s] -- Installing: /home/mia/data/Project_Backup/cylinder_project/install/orbbec_camera_msgs/share/orbbec_camera_msgs/srv/GetDeviceConfig_Request.msg
[13.051s] -- Installing: /home/mia/data/Project_Backup/cylinder_project/install/orbbec_camera_msgs/share/orbbec_camera_msgs/srv/GetDeviceConfig_Response.msg
[13.051s] -- Installing: /home/mia/data/Project_Backup/cylinder_project/install/orbbec_camera_msgs/share/orbbec_camera_msgs/srv/GetDeviceInfo.srv
[13.051s] -- Installing: /home/mia/data/Project_Backup/cylinder_project/install/orbbec_camera_msgs/share/orbbec_camera_msgs/srv/GetDeviceInfo_Request.msg
[13.051s] -- Installing: /home/mia/data/Project_Backup/cylinder_project/install/orbbec_camera_msgs/share/orbbec_camera_msgs/srv/GetDeviceInfo_Response.msg
[13.052s] -- Installing: /home/mia/data/Project_Backup/cylinder_project/install/orbbec_camera_msgs/share/orbbec_camera_msgs/srv/GetCameraInfo.srv
[13.052s] -- Installing: /home/mia/data/Project_Backup/cylinder_project/install/orbbec_camera_msgs/share/orbbec_camera_msgs/srv/GetCameraInfo_Request.msg
[13.052s] -- Installing: /home/mia/data/Project_Backup/cylinder_project/install/orbbec_camera_msgs/share/orbbec_camera_msgs/srv/GetCameraInfo_Response.msg
[13.052s] -- Installing: /home/mia/data/Project_Backup/cylinder_project/install/orbbec_camera_msgs/share/orbbec_camera_msgs/srv/GetInt32.srv
[13.052s] -- Installing: /home/mia/data/Project_Backup/cylinder_project/install/orbbec_camera_msgs/share/orbbec_camera_msgs/srv/GetInt32_Request.msg
[13.052s] -- Installing: /home/mia/data/Project_Backup/cylinder_project/install/orbbec_camera_msgs/share/orbbec_camera_msgs/srv/GetInt32_Response.msg
[13.053s] -- Installing: /home/mia/data/Project_Backup/cylinder_project/install/orbbec_camera_msgs/share/orbbec_camera_msgs/srv/GetString.srv
[13.053s] -- Installing: /home/mia/data/Project_Backup/cylinder_project/install/orbbec_camera_msgs/share/orbbec_camera_msgs/srv/GetString_Request.msg
[13.053s] -- Installing: /home/mia/data/Project_Backup/cylinder_project/install/orbbec_camera_msgs/share/orbbec_camera_msgs/srv/GetString_Response.msg
[13.053s] -- Installing: /home/mia/data/Project_Backup/cylinder_project/install/orbbec_camera_msgs/share/orbbec_camera_msgs/srv/SetFilter.srv
[13.053s] -- Installing: /home/mia/data/Project_Backup/cylinder_project/install/orbbec_camera_msgs/share/orbbec_camera_msgs/srv/SetFilter_Request.msg
[13.053s] -- Installing: /home/mia/data/Project_Backup/cylinder_project/install/orbbec_camera_msgs/share/orbbec_camera_msgs/srv/SetFilter_Response.msg
[13.054s] -- Installing: /home/mia/data/Project_Backup/cylinder_project/install/orbbec_camera_msgs/share/orbbec_camera_msgs/srv/SetInt32.srv
[13.054s] -- Installing: /home/mia/data/Project_Backup/cylinder_project/install/orbbec_camera_msgs/share/orbbec_camera_msgs/srv/SetInt32_Request.msg
[13.054s] -- Installing: /home/mia/data/Project_Backup/cylinder_project/install/orbbec_camera_msgs/share/orbbec_camera_msgs/srv/SetInt32_Response.msg
[13.054s] -- Installing: /home/mia/data/Project_Backup/cylinder_project/install/orbbec_camera_msgs/share/orbbec_camera_msgs/srv/SetString.srv
[13.054s] -- Installing: /home/mia/data/Project_Backup/cylinder_project/install/orbbec_camera_msgs/share/orbbec_camera_msgs/srv/SetString_Request.msg
[13.055s] -- Installing: /home/mia/data/Project_Backup/cylinder_project/install/orbbec_camera_msgs/share/orbbec_camera_msgs/srv/SetString_Response.msg
[13.055s] -- Installing: /home/mia/data/Project_Backup/cylinder_project/install/orbbec_camera_msgs/share/orbbec_camera_msgs/srv/SetArrays.srv
[13.055s] -- Installing: /home/mia/data/Project_Backup/cylinder_project/install/orbbec_camera_msgs/share/orbbec_camera_msgs/srv/SetArrays_Request.msg
[13.055s] -- Installing: /home/mia/data/Project_Backup/cylinder_project/install/orbbec_camera_msgs/share/orbbec_camera_msgs/srv/SetArrays_Response.msg
[13.055s] -- Installing: /home/mia/data/Project_Backup/cylinder_project/install/orbbec_camera_msgs/share/orbbec_camera_msgs/srv/GetUserCalibParams.srv
[13.055s] -- Installing: /home/mia/data/Project_Backup/cylinder_project/install/orbbec_camera_msgs/share/orbbec_camera_msgs/srv/GetUserCalibParams_Request.msg
[13.056s] -- Installing: /home/mia/data/Project_Backup/cylinder_project/install/orbbec_camera_msgs/share/orbbec_camera_msgs/srv/GetUserCalibParams_Response.msg
[13.056s] -- Installing: /home/mia/data/Project_Backup/cylinder_project/install/orbbec_camera_msgs/share/orbbec_camera_msgs/srv/SetUserCalibParams.srv
[13.056s] -- Installing: /home/mia/data/Project_Backup/cylinder_project/install/orbbec_camera_msgs/share/orbbec_camera_msgs/srv/SetUserCalibParams_Request.msg
[13.056s] -- Installing: /home/mia/data/Project_Backup/cylinder_project/install/orbbec_camera_msgs/share/orbbec_camera_msgs/srv/SetUserCalibParams_Response.msg
[13.056s] -- Installing: /home/mia/data/Project_Backup/cylinder_project/install/orbbec_camera_msgs/share/orbbec_camera_msgs/srv/SetBagRecording.srv
[13.056s] -- Installing: /home/mia/data/Project_Backup/cylinder_project/install/orbbec_camera_msgs/share/orbbec_camera_msgs/srv/SetBagRecording_Request.msg
[13.057s] -- Installing: /home/mia/data/Project_Backup/cylinder_project/install/orbbec_camera_msgs/share/orbbec_camera_msgs/srv/SetBagRecording_Response.msg
[13.057s] -- Installing: /home/mia/data/Project_Backup/cylinder_project/install/orbbec_camera_msgs/share/orbbec_camera_msgs/srv/SetStreamProfile.srv
[13.057s] -- Installing: /home/mia/data/Project_Backup/cylinder_project/install/orbbec_camera_msgs/share/orbbec_camera_msgs/srv/SetStreamProfile_Request.msg
[13.057s] -- Installing: /home/mia/data/Project_Backup/cylinder_project/install/orbbec_camera_msgs/share/orbbec_camera_msgs/srv/SetStreamProfile_Response.msg
[13.057s] -- Installing: /home/mia/data/Project_Backup/cylinder_project/install/orbbec_camera_msgs/share/ament_index/resource_index/package_run_dependencies/orbbec_camera_msgs
[13.058s] -- Installing: /home/mia/data/Project_Backup/cylinder_project/install/orbbec_camera_msgs/share/ament_index/resource_index/parent_prefix_path/orbbec_camera_msgs
[13.058s] -- Installing: /home/mia/data/Project_Backup/cylinder_project/install/orbbec_camera_msgs/share/orbbec_camera_msgs/environment/ament_prefix_path.sh
[13.058s] -- Installing: /home/mia/data/Project_Backup/cylinder_project/install/orbbec_camera_msgs/share/orbbec_camera_msgs/environment/ament_prefix_path.dsv
[13.058s] -- Installing: /home/mia/data/Project_Backup/cylinder_project/install/orbbec_camera_msgs/share/orbbec_camera_msgs/environment/path.sh
[13.058s] -- Installing: /home/mia/data/Project_Backup/cylinder_project/install/orbbec_camera_msgs/share/orbbec_camera_msgs/environment/path.dsv
[13.059s] -- Installing: /home/mia/data/Project_Backup/cylinder_project/install/orbbec_camera_msgs/share/orbbec_camera_msgs/local_setup.bash
[13.059s] -- Installing: /home/mia/data/Project_Backup/cylinder_project/install/orbbec_camera_msgs/share/orbbec_camera_msgs/local_setup.sh
[13.059s] -- Installing: /home/mia/data/Project_Backup/cylinder_project/install/orbbec_camera_msgs/share/orbbec_camera_msgs/local_setup.zsh
[13.059s] -- Installing: /home/mia/data/Project_Backup/cylinder_project/install/orbbec_camera_msgs/share/orbbec_camera_msgs/local_setup.dsv
[13.059s] -- Installing: /home/mia/data/Project_Backup/cylinder_project/install/orbbec_camera_msgs/share/orbbec_camera_msgs/package.dsv
[13.059s] -- Installing: /home/mia/data/Project_Backup/cylinder_project/install/orbbec_camera_msgs/share/ament_index/resource_index/packages/orbbec_camera_msgs
[13.060s] -- Installing: /home/mia/data/Project_Backup/cylinder_project/install/orbbec_camera_msgs/share/orbbec_camera_msgs/cmake/export_orbbec_camera_msgs__rosidl_generator_cExport.cmake
[13.060s] -- Installing: /home/mia/data/Project_Backup/cylinder_project/install/orbbec_camera_msgs/share/orbbec_camera_msgs/cmake/export_orbbec_camera_msgs__rosidl_generator_cExport-noconfig.cmake
[13.060s] -- Installing: /home/mia/data/Project_Backup/cylinder_project/install/orbbec_camera_msgs/share/orbbec_camera_msgs/cmake/export_orbbec_camera_msgs__rosidl_typesupport_fastrtps_cExport.cmake
[13.060s] -- Installing: /home/mia/data/Project_Backup/cylinder_project/install/orbbec_camera_msgs/share/orbbec_camera_msgs/cmake/export_orbbec_camera_msgs__rosidl_typesupport_fastrtps_cExport-noconfig.cmake
[13.060s] -- Installing: /home/mia/data/Project_Backup/cylinder_project/install/orbbec_camera_msgs/share/orbbec_camera_msgs/cmake/orbbec_camera_msgs__rosidl_typesupport_introspection_cExport.cmake
[13.061s] -- Installing: /home/mia/data/Project_Backup/cylinder_project/install/orbbec_camera_msgs/share/orbbec_camera_msgs/cmake/orbbec_camera_msgs__rosidl_typesupport_introspection_cExport-noconfig.cmake
[13.061s] -- Installing: /home/mia/data/Project_Backup/cylinder_project/install/orbbec_camera_msgs/share/orbbec_camera_msgs/cmake/orbbec_camera_msgs__rosidl_typesupport_cExport.cmake
[13.061s] -- Installing: /home/mia/data/Project_Backup/cylinder_project/install/orbbec_camera_msgs/share/orbbec_camera_msgs/cmake/orbbec_camera_msgs__rosidl_typesupport_cExport-noconfig.cmake
[13.061s] -- Installing: /home/mia/data/Project_Backup/cylinder_project/install/orbbec_camera_msgs/share/orbbec_camera_msgs/cmake/export_orbbec_camera_msgs__rosidl_generator_cppExport.cmake
[13.061s] -- Installing: /home/mia/data/Project_Backup/cylinder_project/install/orbbec_camera_msgs/share/orbbec_camera_msgs/cmake/export_orbbec_camera_msgs__rosidl_typesupport_fastrtps_cppExport.cmake
[13.062s] -- Installing: /home/mia/data/Project_Backup/cylinder_project/install/orbbec_camera_msgs/share/orbbec_camera_msgs/cmake/export_orbbec_camera_msgs__rosidl_typesupport_fastrtps_cppExport-noconfig.cmake
[13.062s] -- Installing: /home/mia/data/Project_Backup/cylinder_project/install/orbbec_camera_msgs/share/orbbec_camera_msgs/cmake/orbbec_camera_msgs__rosidl_typesupport_introspection_cppExport.cmake
[13.062s] -- Installing: /home/mia/data/Project_Backup/cylinder_project/install/orbbec_camera_msgs/share/orbbec_camera_msgs/cmake/orbbec_camera_msgs__rosidl_typesupport_introspection_cppExport-noconfig.cmake
[13.062s] -- Installing: /home/mia/data/Project_Backup/cylinder_project/install/orbbec_camera_msgs/share/orbbec_camera_msgs/cmake/orbbec_camera_msgs__rosidl_typesupport_cppExport.cmake
[13.062s] -- Installing: /home/mia/data/Project_Backup/cylinder_project/install/orbbec_camera_msgs/share/orbbec_camera_msgs/cmake/orbbec_camera_msgs__rosidl_typesupport_cppExport-noconfig.cmake
[13.063s] -- Installing: /home/mia/data/Project_Backup/cylinder_project/install/orbbec_camera_msgs/share/orbbec_camera_msgs/cmake/export_orbbec_camera_msgs__rosidl_generator_pyExport.cmake
[13.063s] -- Installing: /home/mia/data/Project_Backup/cylinder_project/install/orbbec_camera_msgs/share/orbbec_camera_msgs/cmake/export_orbbec_camera_msgs__rosidl_generator_pyExport-noconfig.cmake
[13.063s] -- Installing: /home/mia/data/Project_Backup/cylinder_project/install/orbbec_camera_msgs/share/orbbec_camera_msgs/cmake/rosidl_cmake-extras.cmake
[13.063s] -- Installing: /home/mia/data/Project_Backup/cylinder_project/install/orbbec_camera_msgs/share/orbbec_camera_msgs/cmake/ament_cmake_export_dependencies-extras.cmake
[13.063s] -- Installing: /home/mia/data/Project_Backup/cylinder_project/install/orbbec_camera_msgs/share/orbbec_camera_msgs/cmake/ament_cmake_export_include_directories-extras.cmake
[13.064s] -- Installing: /home/mia/data/Project_Backup/cylinder_project/install/orbbec_camera_msgs/share/orbbec_camera_msgs/cmake/ament_cmake_export_libraries-extras.cmake
[13.064s] -- Installing: /home/mia/data/Project_Backup/cylinder_project/install/orbbec_camera_msgs/share/orbbec_camera_msgs/cmake/ament_cmake_export_targets-extras.cmake
[13.064s] -- Installing: /home/mia/data/Project_Backup/cylinder_project/install/orbbec_camera_msgs/share/orbbec_camera_msgs/cmake/rosidl_cmake_export_typesupport_targets-extras.cmake
[13.064s] -- Installing: /home/mia/data/Project_Backup/cylinder_project/install/orbbec_camera_msgs/share/orbbec_camera_msgs/cmake/rosidl_cmake_export_typesupport_libraries-extras.cmake
[13.064s] -- Installing: /home/mia/data/Project_Backup/cylinder_project/install/orbbec_camera_msgs/share/orbbec_camera_msgs/cmake/orbbec_camera_msgsConfig.cmake
[13.064s] -- Installing: /home/mia/data/Project_Backup/cylinder_project/install/orbbec_camera_msgs/share/orbbec_camera_msgs/cmake/orbbec_camera_msgsConfig-version.cmake
[13.065s] -- Installing: /home/mia/data/Project_Backup/cylinder_project/install/orbbec_camera_msgs/share/orbbec_camera_msgs/package.xml
[13.067s] Invoked command in '/home/mia/data/Project_Backup/cylinder_project/build/orbbec_camera_msgs' returned '0': CMAKE_PREFIX_PATH=/opt/ros/humble /usr/bin/cmake --install /home/mia/data/Project_Backup/cylinder_project/build/orbbec_camera_msgs
